feature_1,feature_2
2.496714153011233,1.8617356988288154
2.6476885381006925,3.5230298564080256
1.765846625276664,1.7658630430508195
3.5792128155073915,2.767434729152909
1.5305256140650478,2.5425600435859645
1.5365823071875377,1.534270246429743
2.241962271566034,0.08671975534220211
0.27508216748696723,1.4377124707590272
0.9871688796655762,2.314247332595274
1.0919759244787892,0.5876962986647085
3.465648768921554,1.7742236995134644
2.0675282046879238,0.5752518137865432
1.4556172754748173,2.1109225897098662
0.8490064225776972,2.375698018345672
1.399361310081195,1.7083062502067232
1.398293387770603,3.852278184508938
1.986502775262066,0.9422890710440996
2.822544912103189,0.7791563500289778
2.2088635950047553,0.04032987612022443
0.6718139511015695,2.1968612358691235
2.7384665799954107,2.1713682811899706
1.8843517176117595,1.6988963044107113
0.5214780096325726,1.2801557916052912
1.5393612290402126,3.0571222262189157
2.3436182895684614,0.23695984463726605
2.324083969394795,1.6149177195836835
1.3230779996940414,2.6116762888408678
3.030999522495951,2.931280119116199
1.1607824767773613,1.6907876241487854
2.331263431403564,2.975545127122359
1.52082576215471,1.814341023336183
0.8936650259939718,0.8037933759193292
2.812525822394198,3.3562400285708227
1.927989878419666,3.003532897892024
2.361636025047634,1.3548802453948756
2.361395605508414,3.538036566465969
1.9641739608900484,3.564643655814006
-0.6197451040897444,2.821902504375224
2.087047068238171,1.7009926495341325
2.0917607765355024,0.0124310853991072
1.780328112162488,2.3571125715117462
3.4778940447415163,1.4817297817263526
1.1915063971068123,1.4982429564154636
2.915402117702074,2.3287511096596845
1.4702397962329612,2.513267433113356
2.0970775493480405,2.9686449905328893
1.2979469061226476,1.6723378534022317
1.6078918468678425,0.5364850518678814
2.296120277064576,2.261055272179889
2.005113456642461,1.7654128666248532
0.5846292579495858,1.579354677234641
1.6572854834732305,1.197722730778381
1.8387142883339909,2.4040508568145382
3.8861859012105304,2.174577812831839
2.2575503907227645,1.9255540842338328
0.08122878470095851,1.973486124550783
2.0602302099410266,4.463242112485286
1.8076390352188776,2.3015473423336124
1.9652882302947567,0.831321962380468
3.1428228145150205,2.7519330326867744
2.791031947043047,1.090612545205261
3.402794310936099,0.5981489372077191
2.5868570938002704,4.190455625809978
1.0094636748693118,1.433702270397228
2.099651365087641,1.4965243458838007
0.4493365689338673,2.0685629748060275
0.9376962862738951,2.4735924306351817
1.0805757657661967,3.5499344050175394
1.2167467076637628,1.6779384837943243
2.81351721736967,0.7691356835660448
2.2274599346041293,3.3071427542824283
0.39251676543877245,2.184633858532304
2.2598827942484236,2.7818228717773104
0.763049289121918,0.6795433869157237
2.5219415656168978,2.2969846732331862
2.2504928503458768,2.346448209496976
1.3199752784215093,2.2322536971610036
2.293072473298681,1.285648581973632
3.865774511144757,2.4738329209117875
0.8086965027973514,2.6565536086338297
1.0253183297726784,2.787084603742452
3.158595579007404,1.1793176816482895
2.9633761292443217,2.4127809269364984
2.82206015999449,3.896792982653947
1.7546118839971294,1.2462638356425104
1.1104855703744767,1.1841897150345617
1.9228982905858958,2.341151974816644
2.276690799330019,2.8271832490360236
2.013001891877907,3.453534077157317
1.735343166762044,4.720169166589619
2.625667347765006,1.1428424435837174
0.9291075019388877,2.482472415243185
1.7765372146741492,2.714000494092092
2.473237624573545,1.9271710873431271
1.153206281931595,0.48515277531413536
1.553485047932979,2.8563987943234723
2.2140937441302038,0.754261221288012
2.173180925851182,2.385317379728837
1.1161425637988671,2.153725105945528
2.058208718446,0.8570297021693769
-1.6422126396517167,-1.4392154736317657
-0.916948756824723,-0.946197947965097
-3.377669367957091,-2.937825039915123
-1.4849647327913402,-1.486214049087791
-1.484952313693952,1.8527314906547212
-1.429109489306833,-0.8644343598194011
-1.0459982365067977,-1.348608748694202
-2.3152692446403456,-1.2410307795067326
-2.772825214537572,-2.236818606740009
-2.4853635478291034,-1.9181258606136775
0.31465856667350867,-3.867265192591748
-1.3137398096254866,-3.6127158711896517
-2.4719318657894336,-0.9110494030326339
-1.9357199809045373,-3.077744777929306
-2.715303709259968,-1.3204022510653242
-2.7303666317171364,-1.7835414104180252
-1.9544281600961861,-2.651600347605817
0.14394408932532565,-1.3660809776819889
-4.025142586657607,-1.8135456852305722
-2.661786464768388,-1.147566665203776
-2.7925207384327004,-2.114736441466899
-1.4950127210195427,-1.1342448058298786
-3.2002964070557764,-2.3345012358409485
-2.474945311160956,-2.6533292325737117
-0.23454575971890312,-1.5950182890390445
-3.2608839543350454,-1.0821380529452238
0.12215619701263325,-0.9675347394488532
-3.5193699659540134,-2.4842340728662515
-0.7330888508133773,-2.707669465618781
-1.5561805718537716,-1.2253659465706632
-2.926930471578083,-2.0595253560618
-5.241267340069072,-3.0243876413342896
-2.2525681513931604,-3.2477831819648495
-0.36758869606836475,-3.4301413779606325
-2.440044486696984,-1.8692594227139088
-0.5587267109338845,-3.4358621511794394
-0.8368362478450404,-1.989766938980413
-2.981508651047951,-1.5378965257367292
-1.80094030442653,-2.6002168771587946
-1.930197915009981,-2.38531359686176
-1.8864826547487519,-1.3378693254789533
-0.41398318385464794,-3.237815498826849
0.13303337465626663,-3.952087799522502
-2.1517850950355832,-1.4116827935154235
-1.7190081322649673,-2.6226995198205936
-2.2081222503572753,-2.493000934658833
-2.5893647569442115,-1.1503979029789755
-1.6429845140349526,-2.6929095952606543
-1.1004001245667494,-1.6927004791233906
-1.18713788116104,-1.3703711580763878
-2.828995010922072,-2.5601810401969693
-1.2527063948767383,-1.3896297345665352
-2.020901593964148,-1.882672616691218
-0.7223351042115751,-2.59157138883583
-1.452902618829962,-2.202192652433894
-2.21768120322722,-0.9012231480128099
-1.1745836510119703,-1.1864903639993614
-0.6945211928456709,-1.9789961583672409
-1.318047028705036,-2.310266756593456
-1.6758336475115578,-2.1301430543676845
-1.9030040350072819,-1.4048429745630864
-2.8182206832334726,0.09238727568546024
-3.006017381499702,-3.214188612787732
-0.8418891264999322,-1.2083373060370641
-1.3758801829478449,-1.37165449073572
-2.0122467728469147,-2.8972543714858316
-1.9241954418062737,-2.677161711512112
-1.0248802665822487,-2.1470573815021385
-2.8254971967925115,-2.3213858416529933
-1.5870685457243756,-2.5637245528039747
-2.8222203955664313,-1.7563127885080876
-1.7550334288912772,-2.5069431753711298
-2.4710383056183227,-1.7679500626423637
-3.4480843414973243,-3.4074637743765552
-2.718444221252436,-2.213447151711847
-1.6890924344019953,-0.524643783050448
-1.1423403767979807,-2.1599385299634273
-2.019016207902689,-3.002529364637809
-2.01851313599239,-2.2886586389201384
-1.6772814396619105,-2.827230943552323
-1.4806534857588276,-0.4672610869974223
-2.1087601484568577,-1.5982882779010585
-1.3098560082888875,-2.401220471885836
-1.7759075181895831,-1.9874075992182052
-1.9023239014511684,-2.7730097838554664
-1.9754898257410574,-1.5020017087545503
-0.5488563922049583,-1.040729173914793
0.15318245751155635,-2.7673475628880495
-1.1276793632793218,-1.8166579942616483
0.18980293321767228,-2.8082982853551517
-2.839721842180776,-2.599392645444022
-4.123895724309807,-2.525755021680761
-2.759132661553698,-1.8496062135237923
-1.6582440242228405,-0.12382916078411377
-1.0495761618139499,-2.576903655662403
-2.898414671348358,-1.5080808284934943
-3.3202332070206424,-0.16854123414564626
-0.820559879278713,-2.469175652104705
-3.7131345290908775,-0.6461276258345872
-2.114539845252618,-0.7621836880265382
0.4055723412056329,-2.599375022953773
2.005243699718183,-1.953019406235258
1.5499345285207564,-1.3771500676525013
0.9323795706174056,-2.1423794850212934
2.120295631711899,-1.485561165941251
2.7116148780888896,-3.1246420918378695
0.4658858292643777,-0.7223231781014909
2.3323140119795918,-2.7484865365565536
3.551151975522523,-1.8843253657071413
3.1792971840638264,-1.9324815185898911
4.060747924881987,-0.24465915755679557
1.7510358515209266,-1.0284290490456445
2.6453759495851474,-0.6313684424676513
1.0350765394198955,-1.3139485400015607
3.058424486849588,-3.7587394864231145
0.8167414873342249,-4.0392321777601
1.7305931655554423,-1.2824577442040377
3.502357052096028,-1.9259052195802249
3.628615545571292,-3.3801014582148916
0.29661756064484535,-2.0555476988966186
2.384065448939307,-2.032694748094093
-0.0674421000398766,-2.0891200395127885
0.6955304994951468,-1.3303274511699614
2.3665982460968484,-2.939879786327355
1.4861330826633066,-3.0592135218889513
1.937320902726828,-1.0448576794987616
1.0142739536644563,-1.4959534844821556
1.4697423816275592,-2.7928728322623444
1.892969640045442,-3.035242322419374
1.446350694652818,-3.1978778925888482
3.9647251329163895,-1.9647364480282714
1.3002744920074143,-1.786020089265778
1.8876719503091701,-2.220969599533223
2.614166700043425,-1.242492289952695
1.4694988523894725,-2.57581824064468
1.724948302848356,-4.301921164735585
0.48480893780144774,-0.6331257325554753
3.6449677135012837,-2.2490360395563784
2.5765569630557663,-1.688749845456464
5.078880808455238,-0.8804250885654232
1.8720824085192334,-2.9555404406004255
0.3935536797424275,-1.796536364132777
1.2436492547156965,-3.4222537095976744
1.3534271157574733,-3.0815480036143947
3.6871416350725648,-1.1183602430505495
1.9920273586833825,-0.5200558611099741
2.0773683076476184,-2.8612842013282638
3.5231240772696575,-1.4610899563153414
0.9627538456735436,-2.190338678083608
1.1243817466152428,-3.382799730964336
2.9261775475316414,-0.09058335952986951
0.6014324261808588,-1.437030763309429
1.349357430878173,-2.4871253837646963
1.4076060757611308,-2.863990769679816
2.048521627944827,-2.8309501164110378
2.270456825779839,-2.050238109449137
1.7610519531335902,-2.907563662041598
1.4232286694316674,-1.244608774174244
2.5009171876243808,-2.977555244798551
2.099332305429226,-1.248612876628211
0.33059471887862824,-1.456639807620065
1.3373762410541534,-1.4294013314068406
1.2367408434574831,-3.804882100664519
0.37245756211683734,-1.951915053338618
2.2597225017214817,-2.904316625104409
2.638592458777374,-3.66152006226896
1.9339202013526835,-3.2110161997624567
1.348163892197841,-1.952601328683586
1.1395866347160477,-2.3845555442298254
3.0062928092144405,-2.576891869523149
2.835692112065142,-3.129706854657618
2.529804177915283,-0.5584313793420996
-0.4716445001272893,-2.796895255470477
2.57707212718054,-2.2030453860429926
2.371145873371309,-2.6039851867158204
2.0865897874729,-2.1556772353920794
3.1677820616598074,-1.7455791566987868
2.337602662075202,-2.4118769661224673
1.5123937759275066,-2.432558187819621
2.394452142378297,-2.420984480820263
2.289774856896413,0.0754007986454388
2.8711247034316925,-2.326023532167841
3.201213922163945,-2.4080753730215516
-0.03812453517785386,-3.0080863109174043
0.12920807897414432,-2.3515134840413086
2.018418379189552,-0.3235626877247173
2.3269273737641627,-2.2191005288088643
2.8294055811834893,-4.211135309007885
2.235614558108566,-1.2291348061130332
0.5214137542201585,-0.8562459567930709
2.3384964074944143,-2.4152879139008014
2.632781866106285,0.2706928578043959
2.181866255058495,-1.7517794136996638
1.540639100459756,-2.8498443694647917
2.8303358165442454,-2.8560838259088674
2.0715662372193924,-2.4776574467651167
2.478979825746392,-1.6663378947130516
3.037539944257899,-2.510016398854747
1.7301250647066286,-2.9787637157823075
1.5557067399238884,-1.6226995069551478
