danceability,energy,loudness,speechiness,acousticness,instrumentalness,liveness,valence,tempo,duration_ms,popularity
0.3745401188473625,0.6981617140197451,-48.89202426968282,0.519081785136218,0.26170568373590597,0.8275189221063031,0.672702994208898,0.28651954892712295,140.07942295970298,274536,50.28760252831445
0.9507143064099162,0.5360963663441204,-27.485943157298514,0.47918187762973097,0.24697879907199982,0.7645277946547177,0.7966813971913723,0.8026403123529297,172.7605261019981,171137,74.96339226700607
0.7319939418114051,0.30952761628632774,-7.623249847415501,0.025642065806435688,0.9062545805210367,0.5735289514555733,0.250467898792499,0.9972378999036027,166.42253017062228,281304,73.18562987707247
0.5986584841970366,0.8137950197069487,-16.06650681542633,0.34124782762615635,0.2495461998495061,0.9560471436119331,0.6248740996069989,0.030026005329392813,81.54598665712831,181497,57.93343508823271
0.15601864044243652,0.6847311725538793,-11.606331128313016,0.38019561878585706,0.271949726128631,0.20047451552840279,0.5717459831437487,0.8973658657909319,80.89492576380636,220485,51.89643995395839
0.15599452033620265,0.1626169393448913,-20.472997997356956,0.3988227808969005,0.7593982624179637,0.10926421030962141,0.8328303767882711,0.622630533598658,97.54441148428786,225468,30.36013583172138
0.05808361216819946,0.9109271844938425,-18.463406128928852,0.5801723692273323,0.44973984245054,0.8539619669554221,0.9060870604812605,0.9733826191648212,110.55046168774521,120901,63.02085094258837
0.8661761457749352,0.822537242923169,-9.048260906080841,0.5336025467268785,0.7767105569551812,0.4391498166337483,0.012156771477386807,0.4650095175264276,117.18378139718757,207980,77.43106631345331
0.6011150117432088,0.949799913291924,-45.01991946844885,0.6079050927934446,0.06536615756438524,0.8469688542070605,0.6740199190587927,0.8473879305713737,155.15761035666833,227594,57.272972564605325
0.7080725777960455,0.72571950838836,-30.63450218141157,0.7648832615421283,0.4875711936733843,0.8930902051954149,0.05183579911972902,0.06239406859827723,67.93526050321695,122881,54.67737354085586
0.020584494295802447,0.6134151959357899,-46.72743349082387,0.8129857387160935,0.03361360018328263,0.06245759361907144,0.5488586650773559,0.3352790500782957,64.85417859164929,149863,36.46412874366895
0.9699098521619943,0.4182430362906189,-0.7399195202011768,0.7181230762264944,0.06265320345535452,0.8834647629860607,0.2876327290436782,0.06701653775120997,114.86747881214725,256694,46.438876100987066
0.8324426408004217,0.9327284833540133,-3.3564396188032077,0.9555236959549347,0.906437453344411,0.4483190553694222,0.3067765995221412,0.9753431334790705,157.60291689931728,252450,89.63094566993018
0.21233911067827616,0.8660638895004084,-57.634391317889644,0.01823258267636163,0.13924537111759516,0.5104324890042322,0.3529585034523566,0.8169739072718367,87.08094801390756,165201,76.56388325149177
0.18182496720710062,0.04521867010618941,-17.665489649058692,0.1957779856835461,0.5324206822752171,0.6265925110932102,0.6212924490496101,0.8525474212459705,149.81062737587524,179251,25.69661555642441
0.18340450985343382,0.026366974497252005,-4.485100955060048,0.00756287497814212,0.41109560260070654,0.9263826067300868,0.3340499656687692,0.9379652314338942,96.37593931164193,192572,32.23332971124788
0.3042422429595377,0.3764633668780496,-49.16547929235999,0.647474714154603,0.3473433262588427,0.01911609442976403,0.7326990505902804,0.08510348611978535,184.0520552338923,159255,41.95051929081936
0.5247564316322378,0.8105533307818329,-25.92328616684223,0.8980305489499869,0.8998333456872725,0.4768434683178171,0.4045273855738697,0.38559759251333336,185.3965921973263,183212,57.49242308992567
0.43194501864211576,0.9872761293149445,-5.070702144717487,0.24348229657629927,0.0218233967754895,0.6877220424305607,0.06835320030995862,0.07103488904400213,101.6202085993857,170210,44.9854614891532
0.2912291401980419,0.15041689110352818,-57.96324128485207,0.9270345447963066,0.6637896861755891,0.7227069576982285,0.7837598424841072,0.21079310155002862,92.19912555485368,245629,25.127200371962196
0.6118528947223795,0.5941307153521351,-18.15478396518961,0.06026739028956085,0.9633944342135504,0.692532431537108,0.285758324592706,0.22936577703767236,117.58255608927237,142499,24.691469628529475
0.13949386065204183,0.3808908566310215,-42.159059557646955,0.9344360268055143,0.5601681834618419,0.13443512940812186,0.43276687959926263,0.4691072110475787,93.67442192522083,222552,5.818923926126889
0.29214464853521815,0.9699143978146032,-4.536228277408178,0.3516226872396344,0.9368224620330918,0.29939558837168123,0.6854438832219015,0.2685621674536426,154.1337380608385,181360,56.262279188876114
0.3663618432936917,0.8421189231357087,-1.736505290077936,0.10142082844921652,0.05225787928602377,0.35871552541701346,0.332456157148712,0.10097810681776109,175.64905583675997,255675,23.245470529775652
0.45606998421703593,0.8383287047111379,-3.344010653193962,0.48587175918632564,0.4187933190741614,0.804437207679505,0.056585656146715624,0.1674910890941077,154.23289832757038,247466,37.41339207255684
0.7851759613930136,0.4686931597949703,-31.547147000552172,0.25677656772050794,0.26015779096205116,0.278759872414553,0.3739210470128136,0.14727556355209093,175.40906261490892,205473,41.44753086952781
0.19967378215835974,0.4148195023376652,-8.277440940641192,0.28487290196192283,0.7308209649807298,0.21070496386720317,0.9444485826943034,0.9730767979122983,115.57890270904637,263704,34.830366019044504
0.5142344384136116,0.27340707193070624,-9.327036087895777,0.3072899649262866,0.9812970904972467,0.9574480190380962,0.6417343972985582,0.7592925069184736,81.88437589924052,281679,40.0711011325349
0.5924145688620425,0.056375496650927115,-40.853971605404666,0.8030258978326634,0.2565300624442478,0.0088632851134689,0.6714791486672069,0.967761465269562,163.3131326356629,211873,50.511387644974576
0.046450412719997725,0.8647223762550532,-10.265071550959362,0.5391612766752545,0.6541746014740745,0.9978208556819782,0.6322821536376398,0.43974048650790853,110.46643071981754,185756,47.16202527559954
0.6075448519014384,0.8129010091300776,-57.779541917070446,0.31130769915600365,0.19809763275974013,0.6768212988573956,0.1989921389594368,0.2783684816626566,153.97791553207855,298066,47.91655153770479
0.17052412368729153,0.9997176732861306,-24.223807291076817,0.6103337833109184,0.5653302545716099,0.8284692994491171,0.41833386410228013,0.7982931972091867,97.8901518774472,176344,74.61470531409046
0.06505159298527952,0.9966368370739054,-46.19946976273782,0.7161506742231936,0.4639324866883362,0.29461939634619316,0.7509397983633183,0.3262539180411468,71.37214887293418,258421,34.05352726789563
0.9488855372533332,0.5554317056026274,-52.76598685336327,0.27262400073353377,0.9720053296315371,0.014315277667059978,0.10137289755315915,0.2993833737053483,198.96145136828687,191154,58.890336903533054
0.9656320330745594,0.7689874151805105,-55.38280790224745,0.4135491015253515,0.6085272726964666,0.73786951856153,0.27785277608971226,0.2325059922078312,81.8682111102839,147464,48.97771769349678
0.8083973481164611,0.944765729882428,-18.222673447311614,0.12188609333694755,0.3495063720868188,0.8341445970006758,0.2763191084658536,0.12967897822423535,198.37893915488735,293696,67.15930826058107
0.3046137691733707,0.8496473906774115,-39.60750217391603,0.18114934953468032,0.11409578488793337,0.7404761319535191,0.432018927594506,0.25646306101676597,196.81919055930263,241897,45.06729588370693
0.09767211400638387,0.24734810174319766,-16.513993708274313,0.6811178539649828,0.15124682873493456,0.1428502873008386,0.9803687409421851,0.3553197484738877,171.13453454712555,157344,30.752861574660855
0.6842330265121569,0.4505441353100935,-56.07861955206346,0.18143834769562694,0.2253169299512351,0.7534279222569691,0.06750254668382194,0.6739942081457304,152.31921469147966,203791,59.235535082625354
0.4401524937396013,0.12915941515149498,-41.08257973016338,0.5251633836670602,0.250966661340298,0.768922782107641,0.518700994380595,0.06256484221945158,140.89298703515186,275371,13.75085494272024
0.12203823484477883,0.9540510272587224,-27.63052245747977,0.7090462617224327,0.8506160578411378,0.6585405156700549,0.17936468201221045,0.21050693966534295,181.25421635289686,299047,38.243930520836706
0.4951769101112702,0.60617463445088,-12.556610109662188,0.10687692309474384,0.5612227882825249,0.7661159327955862,0.9706765454097441,0.8090236402916764,100.52153302672832,252534,52.131798156885736
0.034388521115218396,0.22864280550346272,-40.87484982407581,0.5673122196289035,0.5233909113743664,0.8459214396777321,0.1133035047274642,0.14692192358377076,125.47536974788278,240209,31.871520925613872
0.9093204020787821,0.6717006844058567,-22.446517413779453,0.25656278370136376,0.11476887186921747,0.6136041142374584,0.40360100236159124,0.34264514652252154,146.71459571131027,201441,77.19122718012898
0.2587799816000169,0.6181282404578958,-6.841335105828769,0.9629268752375798,0.860139693349435,0.08860471396967906,0.7378849848346062,0.8646589218581401,117.56666662172876,210456,40.09902564979264
0.662522284353982,0.3581627180328405,-23.048208709061726,0.4835456467199247,0.7228143032084837,0.48762780966721087,0.7045544280274453,0.15492531114344266,119.84810357263751,201788,45.302936854815414
0.31171107608941095,0.11355759219962902,-46.02243151478197,0.8059925497751581,0.06766836190000158,0.07764933467160506,0.42272863689393225,0.0827368356181899,106.23985345029182,291653,0.0
0.5200680211778108,0.6715731955927996,-58.53595310660772,0.5502265421562618,0.7078350972297687,0.40754303103243084,0.34652416795271823,0.48453799508001083,138.99245433583505,134175,47.682303750072876
0.5467102793432796,0.5203077009037933,-7.794067565944204,0.043412532854819164,0.5435382173426461,0.40710648912562764,0.39761237855287057,0.3024195112785364,179.08043392211624,257263,33.986363113396266
0.18485445552552704,0.7723183917356393,-58.72383534897677,0.6331513755940223,0.08172534574677826,0.06600984414024158,0.2642762631586393,0.5634083644838541,88.2139729208838,203434,58.399331200592876
0.9695846277645586,0.5201635011119934,-7.5178996389480375,0.951403342206657,0.45830064152865646,0.3488205339694793,0.2053329387067998,0.8038048904834751,190.8206254254818,204518,53.06300148920187
0.7751328233611146,0.8521815003185401,-28.26377195836728,0.6016118201463312,0.484696287130047,0.11099809879131484,0.48303969755889,0.13714848815274316,156.47227152475216,186537,64.37771683085462
0.9394989415641891,0.5519068387744855,-3.6559380892262325,0.8191888594267902,0.16577454016327575,0.8082352100092222,0.2685337560676073,0.580699084554285,175.2582497752042,235721,61.882324704650436
0.8948273504276488,0.5609379715353863,-12.073005853580078,0.8842064633484078,0.9456981470002823,0.9476880259644708,0.2874616648972501,0.5055087603898639,137.8666969682016,167645,57.638026284747085
0.5978999788110851,0.876653602658345,-0.12395336799975354,0.22807977194893247,0.8499753714806619,0.0723164752579386,0.6567560634745571,0.14407878601319957,169.1323381993689,143283,72.60054869837433
0.9218742350231168,0.40348286621239704,-38.95729107289739,0.21204483990822665,0.6690223373291083,0.9551152072917014,0.9685373316998922,0.6239984855289824,62.268055627525406,206971,73.87248333311214
0.0884925020519195,0.13401522845064073,-13.968702664132387,0.6109809888509917,0.4622955610006072,0.5225765993367452,0.6036372005593751,0.27364041786077165,174.57325946913494,212759,12.044264372268934
0.1959828624191452,0.028782676313338973,-35.88414518344547,0.4110284698067047,0.4117655415845085,0.2995656779538739,0.07697946706496628,0.4878343185440125,65.6194402719513,222780,13.328316289988223
0.045227288910538066,0.755137255673619,-31.207462781765468,0.8398613028667203,0.6509734671509542,0.07686207527616351,0.07558361385406698,0.08227232427706188,184.58787269080074,281096,18.13902219177047
0.32533033076326434,0.6203095513534647,-22.349672206897793,0.9000231233980112,0.5454318694069055,0.5006242680704178,0.951423220845566,0.45958405721362305,198.87478461341007,150734,43.72138324891688
0.388677289689482,0.7040797680992236,-7.579373148819677,0.3534213793027181,0.062273105881885615,0.7945155444907487,0.29729079030733363,0.3064634680428203,101.1694447047489,120515,65.48581133296972
0.2713490317738959,0.21296416150891073,-0.9549918480422903,0.23687055897448206,0.5125026487703317,0.7070864772666982,0.09206698608247543,0.8223812111853543,89.44459788001112,230782,31.819308242001163
0.8287375091519293,0.13637147558676976,-13.90359516812891,0.7805255152438618,0.8064036172328395,0.05022601146397376,0.5990445871503816,0.05697872699736828,167.15087094012569,186727,38.74415166941383
0.3567533266935893,0.014544665667881929,-34.933993069959975,0.2748060355481361,0.45923987759695806,0.07290183536790351,0.6236487782902661,0.41860727491832994,95.42368772883546,229164,5.681558686696913
0.28093450968738076,0.350587558806597,-34.718579863375794,0.8226143185136784,0.05195657755426841,0.4028732826326371,0.6485048201186882,0.458431424131438,181.1787336441085,166216,27.272416828178045
0.5426960831582485,0.5899176868546331,-15.745061904666514,0.42373825364876283,0.7862781993840331,0.2952904940479433,0.2674020278575413,0.7250060762991187,74.39796290204674,191833,59.002364552941664
0.14092422497476265,0.3922440450997323,-45.67337125390186,0.6675498992914705,0.2013637821359744,0.23238432305604784,0.015110684214475034,0.574287575090211,77.63372749311016,178755,32.46186403551692
0.8021969807540397,0.43747492202372906,-53.37155321211632,0.09553531383466818,0.2586208348880388,0.2810044989087136,0.9650153694544719,0.667212337194181,197.0812177140862,147856,63.15582639155959
0.07455064367977082,0.9041586944937484,-38.72267054155341,0.623859324676573,0.1647063534322959,0.8034827432968846,0.2508930456911025,0.7770492856517561,154.33744575780065,193870,47.91713395759155
0.9868869366005173,0.34825546702330035,-42.7656605007551,0.4517676787372291,0.33021506487149754,0.9292280536318539,0.6760262880525475,0.8622029736581888,178.5642114200534,275234,43.28100076387466
0.7722447692966574,0.5139894891598108,-42.221512772640594,0.5866084631754741,0.756751505688635,0.4051026945275664,0.7066298698787096,0.3138754967224705,105.40611282921253,257080,61.225334882964276
0.1987156815341724,0.7836530127411431,-45.9835349370054,0.16801420774486342,0.5193858595039373,0.9061110021324971,0.6100074170794857,0.538022705363903,154.70772493288462,127987,38.706552170239874
0.005522117123602399,0.39654278232127016,-57.474408621818284,0.7368737449441821,0.20488127415071256,0.32149570124788196,0.3129073942136482,0.8401080784391999,143.1938558232036,216502,37.89557665036271
0.8154614284548342,0.6220867002278735,-58.92756391599517,0.8627970775432285,0.8778300781520408,0.4764369863437916,0.27109625376406576,0.9894511309650564,144.44101681721259,254404,73.64490214694526
0.7068573438476171,0.8623637087467452,-0.7366566158381076,0.21673980009077565,0.8795818549515292,0.22602899781599972,0.5976682827027031,0.8895193110437631,155.55454433528104,186323,56.85312293585367
0.7290071680409873,0.9495206236576421,-34.33361197584826,0.09571455552016173,0.8705784250460069,0.640476042175844,0.8660956336116915,0.3714672626243768,140.5502842380738,290062,77.7716394124231
0.7712703466859457,0.14707348092903794,-36.9404011704191,0.023638586046336396,0.23879621138153928,0.9789811151748089,0.9467337289233956,0.19516651721865041,120.06873170237324,129873,27.25870803682321
0.07404465173409036,0.9265876251614944,-19.22116303841581,0.641971500443266,0.4512393441809881,0.6034930960433786,0.10590580440375763,0.4893925374065887,98.62917721327656,287516,49.62324152648388
0.3584657285442726,0.4921162930795382,-46.90476672809615,0.6070940360887808,0.9849896561408751,0.35781408411354887,0.15482861259771985,0.7416414518360422,167.60138632784827,286412,41.689626976574985
0.11586905952512971,0.25824438829895835,-3.002328962986482,0.54669741271407,0.7720124763099904,0.6478174459905284,0.9447362587830797,0.4925690707532976,91.67814020044607,225219,39.88314375510727
0.8631034258755935,0.4591357562382613,-12.819299135066878,0.23194709611597542,0.027167421225559818,0.12292067846538757,0.7365352283347926,0.4831808633136685,156.92960286161798,125033,67.35705237391225
0.6232981268275579,0.980032575285477,-54.63533986126443,0.39090599590551467,0.06520459126049205,0.8886590802653986,0.8829938248297731,0.8382304210818006,92.66659517090574,193324,56.54150940017462
0.3308980248526492,0.4926180939928696,-34.9451534529043,0.594476335186173,0.46393137681233276,0.5030839507798364,0.20263263413534316,0.36140377906718635,147.54622379362354,135689,59.448011305719874
0.06355835028602363,0.3287516102875082,-7.252901546270117,0.4967668588591694,0.9092202058615602,0.44934974203964206,0.5875858711094019,0.8597946748116456,164.59095739806406,229756,25.46964109116199
0.3109823217156622,0.6334008543167258,-3.3160786625153804,0.9877855202148873,0.5387017979527142,0.5858647884535192,0.7011395944174736,0.40680480095172356,90.6199444469155,120066,63.82596661299175
0.32518332202674705,0.24014561877819307,-31.955909325007816,0.13643975255673313,0.4978125080342902,0.6247838627894025,0.6801118854469727,0.3282331056783394,68.39206212058316,234159,23.36389080409708
0.7296061783380641,0.07586332810866392,-23.195316647357537,0.6951445540475938,0.10547369995663058,0.07177580622651303,0.4081516908666981,0.453989911199699,78.33632401918437,296318,30.5933496375631
0.6375574713552131,0.12887972191064923,-49.97796323447549,0.4043187681042921,0.656780104724294,0.6826172212234024,0.015394891691308477,0.7624469586748684,144.83957541794356,127533,37.057574859801505
0.8872127425763265,0.12804583895777244,-0.5298824317814095,0.42819961492561476,0.8221031606002255,0.24193168031552958,0.5829260568042631,0.12600202786399428,178.92249687160296,235828,30.250359943085677
0.4722149251619493,0.15190269351229435,-46.09969791699339,0.7175977656581762,0.38042000750756233,0.7139526325065898,0.25310153917960876,0.19641921587201738,66.29955497295941,179658,49.41490519102282
0.1195942459383017,0.13882717264941014,-3.436093551892462,0.6924361513243696,0.7756118509253275,0.8225347943841967,0.45025424614289034,0.951444825663092,162.78117626583048,158498,27.40617880418095
0.713244787222995,0.6408747448032146,-21.02120106045789,0.9912559937021883,0.9644766539008116,0.8039585075525203,0.9575810150838173,0.17549162738135737,107.78461043300729,229028,47.519201631058685
0.7607850486168974,0.18188008439914483,-23.53579230726845,0.12839428945412523,0.2037664591276891,0.5525009674078891,0.3990353176424347,0.5677273179310546,126.99397178873315,131772,42.22340876802325
0.5612771975694962,0.3456672833238632,-29.238689339009486,0.10410964938416634,0.5233296311947413,0.5201698923107512,0.8398016066644267,0.5793144666619379,190.04033697837917,209385,32.57794462403112
0.770967179954561,0.8967884099060118,-46.15981129693448,0.7243388171287412,0.28713795808457554,0.14287596133941172,0.18854060574925113,0.4896244620502448,106.47601066301837,132940,84.7642463787847
0.49379559636439074,0.47396164026287235,-49.408318079669506,0.5783869170064091,0.7928544190338394,0.7753461504031356,0.6724604980250288,0.6447452485768186,125.14717075152805,238027,31.956430116051667
0.5227328293819941,0.6675577385210272,-46.77082745578948,0.27416066655980587,0.5775933658811575,0.27140938044671437,0.9770069544389435,0.22982672579761843,61.91553806649536,136932,40.84074286753923
0.42754101835854963,0.17231987120162984,-48.81370427134473,0.0794193689889866,0.6345824175503038,0.49669542281794654,0.10189310087293679,0.5526622677767482,71.42382080067738,144648,40.13887385282457
0.02541912674409519,0.19228901880867078,-13.224931585994803,0.08565824959643054,0.7979141596158941,0.2842740929275167,0.008319942227192012,0.37217325524689715,96.20282275886976,152966,16.32112096728195
0.10789142699330445,0.04086861626647886,-38.9924844499962,0.8941908746641183,0.3959704726624549,0.13382836299969314,0.43358279263261434,0.661667259629189,63.89931371495042,278849,23.596984478042533
0.03142918568673425,0.16893506307216455,-56.52943940619622,0.1918673247187429,0.9150900684070432,0.6295576968917366,0.0926254830513672,0.14122354337314946,148.39254564675514,283639,25.856390127805902
0.6364104112637804,0.2785903390319586,-1.8538421915513226,0.32337156211552076,0.53302886724614,0.05433203482290383,0.7483843496762314,0.5708774168394762,119.69576995222715,268246,51.69148971930608
0.3143559810763267,0.17701048427674682,-6.972846902194462,0.22665640222698802,0.157954822835348,0.7486452341262,0.9145486638485589,0.1852703553833237,136.74032838192306,162598,21.5912693624376
0.5085706911647028,0.08870253375705561,-4.334863008287222,0.3549963058319373,0.6958991181688025,0.31758679526111666,0.43402097270875883,0.2786430631150364,84.45060602548614,264870,45.271509846042015
0.907566473926093,0.12063587110060081,-0.30553064121388473,0.06942384274609337,0.7932613504382544,0.00013469300448532007,0.25871164215544096,0.21870980032358323,101.43048412112626,268630,30.14326358031616
0.24929222914887494,0.46077876803272577,-49.566285046830764,0.5190597909082704,0.31676167706752667,0.5111291392372298,0.4344033190066098,0.1828377798688171,152.93542647938153,181084,28.563576783226093
0.41038292303562973,0.2063337184057925,-36.22547886584047,0.0676125635922149,0.857179256998753,0.046851908527603126,0.723447817850001,0.825710951560667,195.14238130825598,295309,36.77465214348627
0.7555511385430487,0.36426986104807546,-14.505691457754523,0.8003565078223616,0.9061432547657664,0.27616955782089947,0.009054161580370979,0.28570756766089034,67.05834830430929,251250,41.927262291262494
0.22879816549162246,0.5034172708548569,-18.238762916772465,0.23371208191043302,0.2769044873778089,0.7069764874557162,0.5894539894846972,0.9271237818644493,184.65380491973724,137118,34.851004866620336
0.07697990982879299,0.6903948286293653,-50.766245619608696,0.5400119146045106,0.9835214727152221,0.06268962162186587,0.6132916848873791,0.9699265253451909,140.76336818356918,142616,33.48722269533724
0.289751452913768,0.039312139841098936,-11.050012500562936,0.8800790875614583,0.14071152804875842,0.8393384923560023,0.6376882468959355,0.5712604699370973,138.94873934578732,251870,25.86225432359088
0.16122128725400442,0.7994103989090426,-46.53356568980036,0.6508773690471942,0.20201566840248997,0.003819922658583108,0.2420220799808772,0.1430011226657264,130.03899492908644,127601,33.3383391717898
0.9296976523425731,0.6279003894909078,-46.57094311064262,0.5329577865513353,0.18422483923802613,0.24682386920190225,0.7140527233781268,0.37454824337958126,69.71517202658568,145363,79.57599790731794
0.808120379564417,0.08175903194887191,-27.781534626395185,0.3243337531153756,0.8939897100078704,0.7409040561520714,0.0913914863317764,0.797732263348214,72.5827592430625,122795,42.74319469949927
0.6334037565104235,0.8735786241067772,-24.423603909497814,0.33300191305819793,0.6542925523249619,0.3162701497293068,0.1992703364668008,0.36739072869707046,144.12768079227206,217462,58.778179658610306
0.8714605901877177,0.9208724005318132,-25.194827529731327,0.6694869551981901,0.15210428322227287,0.10189238806601353,0.8774700466544819,0.08701721830278875,107.73420000097816,296336,75.66245595698638
0.8036720768991145,0.06107795985486375,-54.510789756134706,0.9941393612211675,0.440323418368349,0.3602339188004279,0.7387231507265664,0.5567849109281879,188.4175293208753,222892,41.710905294208956
0.18657005888603584,0.2768776481472037,-7.352348242177179,0.6618391898493786,0.615298025069802,0.27039328638452553,0.013745554011345251,0.8451208514960348,116.92267523032612,192833,31.819450444519433
0.8925589984899778,0.8062012797930613,-44.06399744467764,0.5577834173700249,0.08346408498938329,0.8427119021605549,0.2483762603698002,0.7959263871435024,80.05940421836975,123084,68.5360314116474
0.5393422419156507,0.7482596903836584,-52.22910472303175,0.7306505102392461,0.8824163684073387,0.31334791758514313,0.21440648299316456,0.17512314013035324,160.06063669028504,215865,86.19013571541367
0.8074401551640625,0.18452101935637732,-6.675115207861367,0.46520561228371815,0.8036035354415352,0.7889324717760072,0.2708063280369726,0.6727646144124667,101.06947900174137,120731,48.67719534004369
0.8960912999234932,0.2093493233367103,-2.6609101062148,0.060142342600785215,0.5052067735766382,0.8918721448107347,0.2475597702798864,0.2205042634356471,133.56584302982503,252201,50.511092973730115
0.3180034749718639,0.370472102791382,-8.272342964072962,0.5622968158779098,0.9671266152591704,0.43381741957652953,0.06252629574284574,0.21820753455217223,157.6965899707238,279094,18.493683849519687
0.11005192452767676,0.4845229851910213,-11.429035516507312,0.9576252845053802,0.4177609792750997,0.909943143854392,0.45894051659682034,0.8740717733051852,186.03697556828985,121605,34.384058745338116
0.22793516254194168,0.618254771530296,-20.6854811616587,0.17530294235765964,0.9841103190364978,0.37731805396319285,0.7327334747861651,0.24966895274023015,170.90676727223467,197506,57.68508367517758
0.4271077886262563,0.3689136395697724,-26.94855776345164,0.6900048908206657,0.6679199988036271,0.9640784164901082,0.6067317247174364,0.2632473465180112,154.69054950218137,164130,46.80403556549516
0.8180147659224931,0.4625347161331479,-54.78079440531539,0.20093368865905648,0.6346712732539415,0.08928952452557293,0.6728716685980798,0.0006533907612995549,155.1486455353201,280337,47.63112047555953
0.8607305832563434,0.7474709381337565,-35.49280721575808,0.5358276844730813,0.165954895295785,0.6870192665032427,0.08114917853623915,0.8706690341255177,192.42945016449212,283402,69.31842678758068
0.006952130531190703,0.0366832028905979,-37.63868897926116,0.09667644964671962,0.881927758304644,0.49381404045692867,0.9514907101767872,0.7925948132091347,101.41537364951505,188469,15.187430576176574
0.5107473025775657,0.25243694434402075,-44.414772974380426,0.45037093625818514,0.42748968792061515,0.38764880545564706,0.8384918338430248,0.627328935090678,60.155693187466234,266259,31.205368200340068
0.417411003148779,0.7133495858845524,-16.594793178684903,0.7561633288952461,0.16223340578247936,0.6327118787486009,0.8050903184956627,0.7502657639388423,98.07363831574781,276863,44.493135507235905
0.22210781047073025,0.8952068376871993,-30.247455895273752,0.3475715242389821,0.01260751997575904,0.7038570916343312,0.8229838050417675,0.1520485674244918,90.50479314774415,210436,54.75092101270986
0.1198653673336828,0.5116774421156661,-55.137227045541124,0.664911724487218,0.5597556836383826,0.004363269650309087,0.9327105081327614,0.45832359458757543,152.65684191595975,232341,38.61784282430923
0.33761517140362796,0.5321134852653157,-46.78900788301132,0.7954499607897292,0.5273996221226763,0.16695308874719872,0.5442539661136977,0.3512193873487809,148.71962396717407,290939,45.79817046311982
0.9429097039125192,0.10717201133977605,-19.004474180424246,0.9271778194794527,0.7193536223691586,0.7130460506343187,0.2002820178676259,0.09377652625701649,143.08459357866133,251965,31.080722216484297
0.32320293202075523,0.44741236682345464,-55.43214843058199,0.23464208185545354,0.8902580530178021,0.6663854135782065,0.6167836078525412,0.4861304852149241,62.27408204932352,219694,39.871582089190966
0.5187906217433661,0.5326172664550232,-8.927585157073878,0.39931591580930814,0.07940658464302952,0.9660475051286772,0.742881493667939,0.9207396503426354,162.02892762309065,139773,50.96276466761328
0.7030189588951778,0.24247050363472966,-30.29120837916154,0.15241601333041743,0.7314964903403623,0.761037790250783,0.7379173933540254,0.04005911905069448,105.29425774796881,124239,24.317490665555344
0.363629602379294,0.26924323094938096,-31.164805360401118,0.9924835021583752,0.18741194409758222,0.950772707731338,0.5214490241668801,0.2914609134937939,153.10783846092835,140863,44.17845994065169
0.9717820827209607,0.37728416310462265,-24.455532920428944,0.9270009679242953,0.858177053157164,0.702540501534807,0.06845871933357806,0.20754093620570346,137.92097999030148,171415,49.61072069833522
0.9624472949421112,0.02007119777772637,-10.519142044491048,0.5399571302805596,0.8190635138616561,0.29805220863944315,0.3711129384301278,0.23814665366569632,107.982329559907,188968,39.51374321555173
0.25178229582536416,0.3220791655831783,-39.13144752586842,0.8420332943764213,0.5407937549855444,0.10536492225085647,0.9207666084633573,0.9084345518793753,78.84067739457508,180430,46.96286667425057
0.49724850589238545,0.21144800699654465,-19.319030846456187,0.5209579772720422,0.7102427986233115,0.7818238633449356,0.584448909757426,0.4680690542342901,73.21864567246733,121515,34.077165403649396
0.30087830981676966,0.32749735217791465,-26.056082160252537,0.6235856880027597,0.3143501131837484,0.6441492214759159,0.5383319432557134,0.4662994129398188,176.4125666357113,217206,33.85855908066759
0.2848404943774676,0.11976213181925122,-43.97830378983472,0.08912443211601662,0.47116789893281463,0.04818601239329623,0.2688535143821935,0.7605756424552823,188.5756558914181,265677,17.68096118366265
0.036886947354532795,0.890527280739895,-7.282200818690519,0.7552704204968079,0.8216368977104717,0.36005046590097833,0.3684489199165789,0.1544922040049258,150.97032654700195,176240,30.856393445964446
0.6095643339798968,0.5935924535540487,-12.154438703584312,0.12771348363523483,0.4592651971732139,0.9567998154842862,0.8953460891531693,0.4872653541000508,74.48077608046768,125586,42.297787692275406
0.5026790232288615,0.6791023191444896,-20.49288992049447,0.8260676302525284,0.3577982653254418,0.5004011457102012,0.6664630475268357,0.4299852141210597,116.2838103643537,240419,56.89875191327197
0.05147875124998935,0.7891712386073383,-8.965096254345482,0.7820280876703859,0.4942124472502999,0.43272913601970464,0.7873870267523329,0.5969106905466561,162.051488014722,242374,45.758332420946985
0.27864646423661144,0.4984421989290573,-7.96234794241186,0.7087446977429764,0.8282492524372184,0.457699605159294,0.45434542306765513,0.9995577032504386,169.17492376140953,151186,39.327920311613525
0.9082658859666537,0.08692028808742369,-17.498221397097915,0.036160380524762115,0.33520804737087273,0.20888272400516372,0.6302472194561579,0.7694488940820471,76.5506071207524,146928,51.91475440048957
0.23956189066697242,0.5371065418185478,-9.779200298179674,0.3031283559453286,0.1737615931357438,0.3687071708647952,0.24838360874320753,0.3978657030174272,60.00430063835354,242990,42.06299706264069
0.1448948720912231,0.5868411180208791,-18.151712299842984,0.26311256991084286,0.7120140203307808,0.3698132559871766,0.7054608302834863,0.827553052274047,159.6991864232847,207029,37.421892016059154
0.489452760277563,0.74543947418433,-19.191553694381973,0.3601364074715191,0.8259782127080818,0.0523550201874724,0.4276013337033373,0.17070836331248018,109.9234646380688,140711,47.63705359565696
0.9856504541106007,0.4316595462296794,-22.883317307088944,0.08764274676383854,0.10063747852353333,0.7675676285179183,0.4425455148147456,0.030463686308960125,95.62738642655643,174962,52.91658594928917
0.2420552715115004,0.12758030279556376,-14.837001626541529,0.9369578230310628,0.23987411275594472,0.416504431903879,0.6493223245768817,0.20444837246427305,61.80564577053356,140039,7.870284165258788
0.6721355474058786,0.28377590579872447,-50.48369368241558,0.5538022407123763,0.1419719897609939,0.8221798868164233,0.9362806214689267,0.34041155611425966,135.64191694660997,156561,43.985601425370035
0.7616196153287176,0.3630822963986351,-7.1477544480642905,0.30552431065802355,0.3479414115821666,0.8503480011198954,0.06400634660862092,0.5105807574595599,179.16110295963745,121577,50.593731506633745
0.23763754399239967,0.6459172413316012,-7.689388335286083,0.3969815170742834,0.45035097890541265,0.21199405469865806,0.8247432373470076,0.6151291405411998,194.0684304781623,227792,35.27640172884978
0.7282163486118596,0.5707783046689119,-58.24516301792645,0.44720254050483565,0.7488263369633065,0.6573534821701286,0.2923831104121931,0.9106057172144217,139.20429308586048,279422,65.08770433938172
0.3677831327192532,0.35609672589784624,-10.450994966114237,0.6005943333606173,0.6511475848816741,0.4722818041629817,0.4439194545063778,0.5098540095504577,132.0245858835852,284870,39.13092907505965
0.6323058305935795,0.9865152487929797,-52.26780795159329,0.5156794276964978,0.6209285674784312,0.8801567379214851,0.021913328775008956,0.5012756446257294,71.90789396849375,130785,62.19528650065317
0.6335297107608947,0.6057748193568872,-39.89286874445149,0.9193919732144173,0.3523749466096544,0.21574067917645412,0.30104607783431303,0.05024300982298213,136.84219221596396,192227,38.76890779489988
0.5357746840747585,0.23722679173599448,-15.389504622503537,0.49696348290583026,0.8414475530847599,0.6778132003100442,0.5026312426301305,0.03491155265622381,113.19707105515525,238680,16.176343935495115
0.0902897700544083,0.10178247262040374,-50.35440623710151,0.9921580148233127,0.47128716739816456,0.6077521222527226,0.05617607734743901,0.5511599619163721,144.99893932370077,181957,13.313201553536897
0.835302495589238,0.15285913918433203,-10.921978552856267,0.8514249577450957,0.9791049380151545,0.2953014775718328,0.49109572938316515,0.4381786132483445,114.42168870271654,185431,39.81619259564583
0.32078006497173583,0.24595772838450813,-10.071949322535488,0.2085105143573358,0.6341421382957368,0.1366009036511726,0.9271106288584273,0.8391803949802986,93.64187728305134,268369,30.800097397195167
0.18651851039985423,0.16068137325955567,-29.551935974349828,0.9305952146439163,0.12626474156450274,0.6516397604772766,0.10539321810780522,0.16067958471184518,73.29513853197271,191894,0.38752295417588556
0.040775141554763916,0.18656702405130576,-59.616847696989986,0.11636639788547609,0.676177562075434,0.7385974581323307,0.7644407280755043,0.024971662117049598,104.0885822424454,270653,2.2994882046698724
0.5908929431882418,0.2850951686938471,-42.77771200950524,0.8174497084911916,0.325104015431699,0.31562734376335,0.40967105337599263,0.44903876793012587,73.53027680028532,175192,33.93844933388364
0.6775643618422824,0.17337359529475482,-22.98438489745547,0.3806232934765801,0.6863271966860974,0.6448326040223138,0.655173714524338,0.23747855675225749,84.76557311535775,121462,40.17983289842633
0.016587828927856152,0.8967654246264252,-1.1288293183545903,0.8779743204450695,0.06964114816240574,0.39513090761150327,0.26023659798522936,0.04961437333883745,198.22706220113642,248848,43.30818846743875
0.512093058299281,0.08023374566164221,-22.091188378999895,0.8680566901074503,0.1748814371759594,0.7132068832826177,0.1594922625413583,0.724598286847629,122.17449796692661,266583,41.42631810114672
0.22649577519793795,0.5245113895702547,-44.411785136150414,0.8059254001176211,0.8557372589057863,0.1992152748940531,0.16046261427122643,0.11159299995724747,134.4620473107023,196106,22.616999867903594
0.6451727904094499,0.4103968269896615,-21.959657814023316,0.7900304363070614,0.2271795570235149,0.8902150026361744,0.07049194564314465,0.6083195000077717,182.30659402321015,168665,49.35295458281882
0.17436642900499144,0.9823786169086064,-27.60087721704867,0.3046791390980408,0.83704112524294,0.28740959646557973,0.18564670490124302,0.28104975016688916,199.3796460686963,295486,25.916667559816446
0.690937738102466,0.11203890216805235,-13.209276290931385,0.08091928305125218,0.27927608845441043,0.3677859877561529,0.6642193849889683,0.17349605035502202,141.58002290825542,201010,32.968813218706394
0.3867353463005374,0.39785559904574164,-53.5811616703825,0.40298017876516146,0.6428819100587077,0.058091952080349785,0.881690611843508,0.37975152291931746,173.74633494618405,192573,41.22029154824011
0.9367299887367345,0.9694704332753689,-14.338325849878316,0.17352451498650867,0.694150573509831,0.1115122123212764,0.8141256855911618,0.8014457762229537,105.77174340713454,227803,79.39338083896662
0.13752094414599325,0.8655071258939803,-27.524005279433382,0.6949510889024617,0.5126547531450529,0.5158619027123281,0.6851343098744841,0.3920935769045727,102.80415404262075,239682,49.54208301544828
0.3410663510502585,0.8170720709492799,-2.220479768460322,0.34609972653778553,0.3053106766967313,0.2675926767279715,0.11043186341110267,0.7507696492110557,116.37852093923843,133386,42.78102359999954
0.11347352124058907,0.25790282704493983,-39.48767003767884,0.9756102008599149,0.21264437637109612,0.8354802257421944,0.28918744629594983,0.1254862967991507,154.15101677431088,244069,8.219374751000037
0.9246936182785628,0.17088758739006582,-22.04268641196311,0.640972077345332,0.03318935456242622,0.014693388654953843,0.309806875322469,0.7727714196650791,155.50683649571383,174460,57.68623282158386
0.877339353380981,0.668643219924431,-4.078313669398952,0.822480563634361,0.3039464012407238,0.3790940486719362,0.24995694639762123,0.23693332490664865,104.1335208509231,257293,62.91710868193539
0.2579416277151556,0.9293759891275858,-53.84941632055924,0.13252467274184843,0.653162790531283,0.3373455467690927,0.5150056597097231,0.6773931298888728,78.64938937912802,274546,54.34260588388788
0.659984046034179,0.5567628930139298,-3.7662907658129328,0.8620144822726226,0.9383048184484827,0.019327630917601035,0.5355538148796726,0.5657815548409963,148.5354759051712,235375,61.4992913724496
0.8172222002012158,0.5716126894698998,-18.726856661951196,0.9227571905133943,0.871204482263052,0.12436839900051022,0.3568859751711102,0.9291447172116873,77.96562070642703,232660,67.34704909706532
0.5552008115994623,0.2799790936602842,-55.92977645368968,0.4870619188189359,0.7660647765353026,0.41364267491863527,0.353789158736436,0.38732251797531403,140.9889511521062,272117,30.55942881467992
0.5296505783560065,0.7694929331919369,-41.942185983191024,0.6062529377509774,0.7884473432532987,0.49286458444744663,0.8285555979060814,0.06616518883444045,157.07909792788325,211319,46.16426534901354
0.24185229090045168,0.18704374855752337,-17.5096746812831,0.7648098009029954,0.6649849034759953,0.4042897472548691,0.7892928483196856,0.019155485551252904,158.08560949522322,236582,10.566251467224188
0.09310276780589921,0.3236792364042437,-55.958963911873695,0.17483862726041255,0.260286857566003,0.5309376784120938,0.30779583168074565,0.8268585609727531,165.48609549234354,255994,20.4396642016165
0.8972157579533268,0.4254364386164168,-25.069772389423605,0.5025660764634424,0.9071950307058299,0.5951316749056815,0.9137884438732593,0.5247356376614322,182.20031901919305,273778,66.99550109550613
0.9004180571633305,0.507610378684455,-39.247016582822596,0.3986630277723131,0.670732311905834,0.00992382112783563,0.952815017002506,0.7752440518349493,129.9942588750704,162771,57.1415935660512
0.6331014572732679,0.24240973241508024,-22.745068933951373,0.1463739921622491,0.56044063098044,0.4640951594535039,0.32674254203004083,0.2344256000115147,162.23488653413995,172335,25.05433787206243
0.3390297910487007,0.11483682473920354,-57.25547797124923,0.36753442229153144,0.11098946921348107,0.9634992408875883,0.35442494879305486,0.34508374551323373,146.68418295121714,172949,6.372558426160248
0.3492095746126609,0.6106200424416326,-7.707791630857422,0.06817230938549357,0.4470555438064254,0.5190322801295487,0.5056341534219588,0.03010387221131894,86.12959157167556,215558,9.143487704380242
0.7259556788702394,0.28863055324025577,-1.590661849356188,0.025811906949486985,0.4603582712019263,0.6775422674589532,0.9411208125336735,0.9614923245741122,63.59655028171714,266312,59.56870766838953
0.8971102599525771,0.5812382214226123,-1.8673286828585134,0.13516628915482276,0.86456360952267,0.3118638579168832,0.8763194331423115,0.6678679067008134,99.83579399477073,222272,71.4562816598602
0.8870864242651173,0.1543627152742023,-15.02089009542452,0.9631151115891738,0.5466482201877885,0.7739913781527625,0.1025679625835898,0.9332050877593062,122.02471888726672,122716,63.38158894005481
0.7798755458576239,0.4811401018548175,-52.19482559216208,0.549529535895017,0.38040054897040965,0.7729214818761151,0.3927307432714162,0.2654964074290723,146.3948322200119,267646,46.46140543680104
0.6420316461542878,0.5325894325515859,-14.504208244258642,0.96582216115322,0.9768003285106593,0.521296047654139,0.5533711897497718,0.6114636112256608,178.99430627044876,295138,49.573873638269326
0.08413996499504883,0.05182353682242691,-58.52478501247191,0.432497878330132,0.11072059332631567,0.9760138232792136,0.50313247255154,0.6784999682926378,87.47440033886319,271285,13.089908655569884
0.16162871409461377,0.3366042781939206,-58.672586908260165,0.3118161330852596,0.4225484283119446,0.12555021476265338,0.19386306793689267,0.31754970025758844,77.5769705857868,191916,20.49845025736498
0.8985541885270792,0.13441467693897424,-40.58338685102753,0.5061418628402441,0.04202467517140529,0.016947664889580993,0.8588167711681547,0.8481092350156301,194.88719264640585,170906,60.49330094108582
0.6064290596595899,0.06337497047276774,-30.681408575720056,0.4395116886329101,0.7399041207669304,0.770158211757096,0.6769407829968374,0.9471614629002478,75.126238312697,120463,39.40594737941378
0.009197051616629648,0.9899602323899452,-13.775554931532405,0.10566468426174391,0.9180765521991506,0.8071555373648825,0.8379083748518036,0.8848551176960043,126.98874981500649,283045,61.352131158030815
0.1014715428660321,0.32235384497472297,-19.00227740360969,0.6408263146902062,0.28003732955048943,0.12020722912057624,0.8587642793494722,0.7390669759393725,141.97892203106227,194694,26.299571284153295
0.6635017691080558,0.8098744458546349,-33.2458376173951,0.2160381825095996,0.8583416767991209,0.2655828329586061,0.7483558536657398,0.27746467972495403,135.79241892704135,271723,71.05780356413322
0.005061583846218687,0.25464065476376385,-43.58240002310005,0.6195879548978296,0.29221823046189777,0.01755236336662891,0.43921060124971734,0.28161604210563174,72.04450198461205,188694,0.0
0.16080805141749865,0.6815027222239293,-0.17252999053732765,0.6502010923981534,0.9107701616439152,0.2933086107805647,0.6105467550154245,0.9633603204460379,67.98376796050671,140008,39.14631509322243
0.5487337893665861,0.7602278598896866,-34.42912186584162,0.1520248531286481,0.7539619035967839,0.7731418739186715,0.16036540611974315,0.010284495935692028,74.767679844545,190474,50.87392323764446
0.6918951976926933,0.5956387406078443,-32.91677854021947,0.06134962711066816,0.8049067768414386,0.5179605277125789,0.6736454174749077,0.7160499732421445,141.98227574216577,158185,76.40951253224682
0.6519612595026005,0.47157618855015837,-50.18257072849985,0.7807615860684398,0.0180065556004545,0.3480955931682881,0.17925325573928075,0.7062461625552622,136.20828426880496,207924,50.29580658060189
0.22426930946055978,0.41184091414726853,-12.31142707500424,0.4598004237693202,0.962810357074026,0.3717392949063303,0.6939495905101568,0.6226895409497974,92.72371088514419,154980,27.231798611430044
0.7121792213475359,0.3488682665429953,-18.37906645311068,0.05816379550547579,0.7266709920703233,0.0013536257154681541,0.22959816075396866,0.9901088460868658,149.28837985838283,142504,65.12891127546663
0.23724908749680007,0.9295291442478258,-46.75382323267438,0.9948663171697671,0.3047510953861333,0.2998005275652359,0.11755130015021997,0.31187943576372523,174.80945028779092,174970,53.773211530240545
0.3253996981592677,0.8306194077877291,-55.05713726304944,0.05778056099636664,0.8293946648588469,0.6464587416379305,0.16528449014295743,0.3399718637932482,65.82105437852313,136766,62.6883426520946
0.7464914051180241,0.9650269106665126,-19.170041875517214,0.6950352288585532,0.28152119841492995,0.9741944438163571,0.001992135219070268,0.07893940294655555,129.73819209672592,236944,49.67109579168893
0.6496328990472147,0.12429722348554473,-20.729327143131883,0.9836789252634136,0.872753839566128,0.8470608269838995,0.7187396178535302,0.44279813654373745,156.50345769437664,213922,45.433523501822236
0.8492234104941779,0.7308674752036443,-43.604428380107436,0.23918010421592562,0.11258039041193701,0.023594964645529126,0.7324010490583791,0.2610485262348481,95.3236697897562,262767,44.44779727998535
0.6576128923003434,0.9383404568210378,-2.9481862649753765,0.14224936868719618,0.7036859774607958,0.8985606046748393,0.5149333499132595,0.3433867021776442,103.08792674104087,268868,61.24801762385602
0.5683086033354716,0.18123306616566015,-50.93652649314599,0.1213849394224289,0.5406984766449103,0.7831984132986259,0.1613628010553837,0.8345717902556277,145.90930641851372,293615,45.117844080042374
0.09367476782809248,0.0664962673667775,-34.059911937443886,0.30327514756759555,0.09653447019544081,0.7803761235709804,0.08355433751068975,0.9354845135274957,185.71094108212316,265631,26.039917782054726
0.3677158030594335,0.741120649290059,-3.3830447899440657,0.10104581101064669,0.24189382825883898,0.4579957590035715,0.01912896643728701,0.18573307200518563,173.38941884240592,284211,54.99688486331275
0.26520236768172545,0.5744731131799119,-34.81636098443266,0.6921613416941319,0.01240403627731479,0.3980052929545028,0.1657481769652207,0.37250893155346587,141.63823067394168,240494,20.11857401862532
0.24398964337908358,0.8418287767582721,-21.688443140154867,0.06229179813006269,0.46876796546450583,0.3029157288331926,0.8908555349831467,0.9286305621153941,162.23104048601488,128802,60.97552641100163
0.9730105547524456,0.1397723766262895,-36.144336122232346,0.5094221281497897,0.3012652607600004,0.06569485895436578,0.24153684170168177,0.06180846068922263,111.07514582909181,291277,48.01380124924887
0.3930977246667604,0.7952673118598902,-43.547087859079795,0.9966968538529768,0.5983574842977588,0.2282353634936991,0.35427132721721566,0.09236052811137851,149.73517393382608,154159,46.043777047346964
0.8920465551771133,0.20162732004774453,-0.9613411224103032,0.8139702695060188,0.2972378077086172,0.24660363497802462,0.10534548448133318,0.16279098920622936,125.26542275785798,131516,26.65891244368074
0.6311386259972629,0.1636559428657045,-35.439959621097415,0.6152194382310109,0.2999191115069847,0.4840770697102016,0.22236130474817029,0.5952128341268748,86.59105910405853,170492,47.45972712535009
0.7948113035416484,0.16426579793099294,-6.354047779251935,0.30625362078661167,0.7431931987316034,0.747444406596694,0.5192245707802051,0.15047227100599747,158.243358342816,149086,26.94131374217217
0.5026370931051921,0.8145747202313821,-46.20272364653483,0.6238958362916385,0.04814283597835345,0.4738098283979466,0.6077526830956526,0.9680763814507335,137.90504922883508,233758,58.780399110796935
0.5769038846263591,0.6651972206962001,-47.213717758495,0.5270414639116516,0.9028949951919872,0.057844449447160606,0.24535231416621106,0.44671452725852034,110.20702147350279,150480,43.347938382974114
0.4925176938188639,0.5230654247691193,-58.13195502692932,0.4260833838903715,0.8522638743911815,0.9577898009882039,0.05773215922511721,0.5015179603501664,187.5874866110083,248023,43.7416558828444
0.1952429877980445,0.3588304841235025,-20.8999904774469,0.13071037674019947,0.6678046832264065,0.9427243190941123,0.39103286912739865,0.2466586158054065,62.930776495742656,230195,26.974283518718273
0.7224521152615053,0.8772005408131083,-37.88841937657433,0.8866042152404667,0.5932215701073843,0.7851895431484084,0.23420337092633414,0.4709602524347335,104.20824117492944,298838,53.48978959203336
0.2807723624408558,0.3924451074226354,-8.138505009621774,0.4497846488213225,0.8923024981396522,0.9913279015642206,0.21955392322980194,0.6619136326370115,67.96339568887052,158737,26.722789055571877
0.02431596643145384,0.8165994394715771,-31.60740559850657,0.19462251182076507,0.18533017952871444,0.5444823328002629,0.9598628027134553,0.7511771369540428,167.31382427102778,129265,41.47217055226537
0.6454722959071678,0.4391349085702184,-1.9083943251166957,0.3677593508772896,0.07896916219082861,0.9627683502532061,0.6163004859257241,0.753868082709913,158.29504357593095,234165,42.45704039535563
0.17711067940704894,0.3769444294249076,-48.86846905781273,0.41412975252892703,0.2395101699095381,0.07560504061675077,0.5568784431720959,0.5778911126940883,106.38931062308438,239501,32.31650207858384
0.9404585843529143,0.46267978566960644,-7.882609922663356,0.8275378955668743,0.7945782787001903,0.3656807482613713,0.4157751035233219,0.9043597749938572,154.59280630899022,190990,68.42036042125764
0.9539285770025874,0.3013778741641421,-13.404188832495493,0.733614380561402,0.03467026672648332,0.22538126800676583,0.42894433343014426,0.8174078473061094,115.43121166743298,135386,59.25986732543142
0.9148643902204485,0.7476093801762511,-13.74468932135688,0.7693048936413398,0.5828068350834896,0.19583308413427003,0.5409050038380808,0.7570481146986254,165.8755307991408,224718,74.74458809511404
0.3701587002554444,0.5027203900924792,-9.313006312986744,0.011031264428647214,0.9954375161913099,0.14080294889267608,0.6964298070361072,0.05560552168046062,123.58571278313886,157425,49.03560419785782
0.015456616528867428,0.2322126951468173,-14.338560543420066,0.4161539981797615,0.8556960938375394,0.6224136415659967,0.7021460961818294,0.006877962219649314,117.71916189643318,241635,14.126601542403254
0.9283185625877254,0.8995745732745685,-22.426780702115074,0.4813441516353236,0.5214456890435895,0.7813218557473051,0.17169390770544957,0.21244727719547296,190.86218816836214,294326,75.92112783141643
0.42818414831731433,0.3838912213732114,-52.12530733905675,0.019192276823056686,0.06364090928664234,0.5782983994203607,0.500112752076627,0.6635235939134523,95.12307398469804,173634,37.325487684947205
0.9666548190436696,0.5435528611139886,-58.04842923052489,0.2598132087450342,0.8313735143857098,0.14696270958820967,0.41195809503410197,0.4111974888825458,76.86262759951916,298734,68.40577022013547
0.9636199770892528,0.9064721109645469,-4.749129131058787,0.760289823122135,0.5989785081772105,0.8111237699334709,0.8705269662693842,0.40240625929931173,141.83603585632414,206988,68.59208369931248
0.8530094554673601,0.6242379959139921,-23.00098112875572,0.13710970572899905,0.11493299705956683,0.6359547071637285,0.6314189212183764,0.8845868882296137,195.70505371978504,226337,72.36602454105866
0.2944488920695857,0.11689804070836407,-12.207762541429418,0.5353101314525917,0.0938572848233562,0.3881657061269955,0.5325040664159818,0.8955628481318387,112.89748992180614,261215,17.706976671235083
0.38509772860192526,0.9398321236134751,-31.108658909246994,0.2152018720172375,0.9096268194365924,0.674130295536063,0.11539464217891737,0.9091752640535857,68.68514690802941,266653,68.99206340354971
0.8511366715168569,0.6277080530714179,-52.961508662256335,0.012120774643893273,0.6692002629380784,0.25990497924283285,0.6056378893234114,0.3138780765150273,107.50273742333944,187443,47.166181446969595
0.31692200515627766,0.3349056146570861,-52.488852467846975,0.24120145759954148,0.8292867993167555,0.3451922084942105,0.11720390568023342,0.6910558127392618,130.83043160473818,149424,46.08535754059609
0.1694927466860925,0.13927207266338726,-18.86608276626172,0.9758737549100538,0.8789789002822673,0.9174858431319902,0.33720657556575206,0.27163318127436964,82.66922092850992,208844,24.847093552593503
0.5568012624583502,0.794025189270296,-34.181646306032235,0.8015371118829896,0.5717723520483222,0.2905045056714204,0.14284196481433187,0.19060983307444979,152.1343105279089,161984,47.61096823046041
0.936154774160781,0.6200727559285135,-47.9685163979798,0.9595766443210334,0.5174463517550413,0.4699882681579366,0.6920736470243689,0.18463245734736922,199.6849144614281,161505,77.07595189515675
0.696029796674973,0.5334610919763215,-30.50432719551379,0.48785404392636245,0.4304274103209902,0.8901411373960146,0.2062521138361526,0.34210762086359403,123.24352663740214,222478,46.20270703463918
0.570061170089365,0.8938925830509576,-56.14746377549196,0.1097361986775035,0.3169465877911193,0.7077213502675275,0.391859373188026,0.4299576197798217,109.66199794222976,182699,45.33650181359042
0.09717649377076854,0.7885972112245307,-25.08171588513607,0.547959488973693,0.43459596085871177,0.06220322616470275,0.8956747776187787,0.8309491710550684,116.09858335682533,278029,43.28698697957885
0.6150072266991697,0.15167487973275118,-43.86039573389414,0.4543773345599609,0.7738796557301564,0.14730304427897034,0.2043163833989703,0.1198910934727121,76.12046497532816,276536,16.473623636160873
0.9900538501042633,0.31172206779554823,-12.146453961768714,0.844357082739616,0.6019234310151316,0.007841590771916818,0.5078050639587791,0.7349258473948942,183.65830419967133,234012,60.66503618071026
0.14008401523652403,0.24848913981446574,-41.378282464585574,0.09808258078424459,0.8925232899548461,0.6309217902291634,0.419271661166022,0.5314549141893053,118.07559177298927,274721,12.417554066735933
0.5183296523637367,0.743946292572677,-32.68679105509193,0.4882411370217782,0.4433800143791877,0.4476734254104183,0.018124041045729733,0.2879453426759925,114.21841759947779,293137,45.67450796927658
0.8773730719279554,0.03353243473577938,-59.302767605513964,0.15004866469398426,0.607089578718754,0.13427485090227553,0.7927581135728128,0.4928195845328246,152.3566382102664,154758,40.66440294329403
0.7407686177542044,0.5698896848713165,-55.65318673232647,0.32467592689006,0.6313075530919887,0.9579341210567704,0.06904590631459973,0.29994206977702265,121.8846789303573,256668,52.403946270137276
0.697015740995268,0.7624586857406905,-36.450386615598916,0.7373570773877997,0.5916971623063255,0.5296597239456199,0.4742550209769536,0.596081955238306,150.75268563309845,136374,63.20402064083399
0.7024840839871093,0.8767656367617495,-31.20366991697259,0.47601812936876653,0.7026337730855163,0.24189329411288918,0.5606782949389499,0.4338439228552442,68.60248061831025,238686,66.08203163762882
0.35949115121975517,0.34208174871590746,-23.998767112841776,0.37588828514576933,0.23743346837480628,0.5006035711547075,0.6284264566145871,0.16440552907887873,173.92126812111184,123775,24.051114091729982
0.29359184426449336,0.8212573046720129,-42.500245277441806,0.3944762785700353,0.5123637775457907,0.6796203327351078,0.6886316293078756,0.11658307455569672,191.67055340311637,147388,27.952188449265943
0.8093611554785136,0.11063173695520723,-18.30108683240745,0.45944676840598664,0.10422480280834767,0.07623921797356448,0.2532723835227151,0.5466956820721302,150.82715406231404,243800,35.67163557655985
0.8101133946791808,0.8464522917345182,-8.392656168647726,0.7850165438370569,0.38451132764481255,0.274703815047892,0.009978776658449373,0.9024130332861034,193.6392300402335,141029,80.89725201863108
0.8670723185801037,0.12748866233198242,-13.208940666399009,0.8920846889402344,0.4876670686212644,0.8069654908839936,0.723443662354912,0.34395768655768555,81.20052401179487,203981,36.62151989574208
0.9132405525564713,0.39728729056036727,-57.62287047909857,0.9553346865039283,0.6522242595454725,0.45966487040266124,0.5356565993475786,0.7330001072226232,126.83826652724952,173639,61.8635940748663
0.5113423988609378,0.7972953657795536,-31.169583164530263,0.7869033862552951,0.9505310525862035,0.5465771420322949,0.8361177032072488,0.658661354939767,144.25294275236263,234010,54.53748340071076
0.5015162946871996,0.14991742734877378,-53.70418929490951,0.31540689574801273,0.6006510665483559,0.43281600220946925,0.8213883629006943,0.931554914309481,141.44313063896612,265717,49.616645019535845
0.7982951789667752,0.22925139523264149,-45.477299048248355,0.6881347060865421,0.7435939161765598,0.04389994264300512,0.8433261677878832,0.8209810172991409,116.20464907246605,151105,23.97535284957839
0.6499639307777652,0.7222525683930663,-0.8002444039712131,0.4376031240553919,0.5062660594952028,0.16574977982015593,0.48509465997954015,0.566605258905463,107.3318173112766,264740,61.135530966398406
0.7019668772577033,0.7200365365460744,-51.4502674259092,0.2546706220460512,0.6341040313763313,0.4455416387418909,0.33362839583686565,0.6570304982341073,77.75536315705864,267032,76.48988121546901
0.795792669436101,0.6411476328852973,-30.066710792918634,0.8408715794259226,0.07093221613377343,0.20918546540792782,0.79155820259137,0.8983864665840349,114.84394307871895,246519,82.46439989059024
0.8900053418175663,0.6939484444671,-22.910655940912854,0.038426348962324997,0.254391580841847,0.04997902865967874,0.45129411302925493,0.3995187845869348,82.77251411476792,262429,60.13021203252493
0.3379951568515358,0.5427244433475962,-17.852101767353766,0.9017619921354235,0.3618530932051387,0.8436496640518237,0.1834421964034345,0.32679470585777737,162.8111947089106,222739,25.12274500017663
0.375582952639944,0.25179905890695276,-26.421078990785155,0.46147746462473416,0.47249335500651357,0.9811925291641158,0.8549740195614743,0.010811083635196339,89.2363309692426,171796,35.220401031613946
0.093981939840869,0.34569599350391944,-59.41374915484898,0.6372014768082804,0.045648745502383736,0.7931428739967394,0.8825598767723473,0.8265510741914642,68.19914273983474,135804,32.659667751156526
0.578280140996174,0.18159771680142567,-40.41232150536049,0.6593539222057827,0.14002409755331768,0.853784921704667,0.4663097561401701,0.8009807004033649,137.3312592944128,247732,39.04223151731073
0.035942273796742086,0.9084505613336283,-28.937301396917313,0.8951177407065364,0.2768143077913058,0.24197713031704537,0.07569972730978747,0.10445451810015138,143.33216258071621,265698,30.576834620473115
0.46559801813246016,0.5833917947661205,-54.72801005131,0.6366696821672073,0.9715326909010507,0.9606269755131998,0.38782608991693124,0.5768573811327002,182.06782857927078,279204,36.341885148690054
0.5426446347075766,0.4008514167636399,-38.962384127449155,0.6139335847600618,0.33134700710305076,0.19692570445342839,0.8035376594626034,0.4639816981668874,140.77742573847547,127951,47.23166136435418
0.2865412521282844,0.4620058036441327,-58.00781347251801,0.06665204056068996,0.48204105811208253,0.9514298103618323,0.9017740285462287,0.11870909550911146,108.36731952128241,257521,36.149366167382674
0.5908332605690108,0.9472833396118153,-55.28529017069876,0.5184080219452041,0.19609771273839294,0.994819293965951,0.20347274249759584,0.9805682270607236,172.42166341368488,139065,77.24313596075163
0.03050024993904943,0.1533514031160802,-36.184603427904236,0.15016900081704165,0.6107800710757683,0.7117228057460487,0.06697361202527152,0.21469588746335544,135.63904504623895,221503,3.702523556143369
0.03734818874921442,0.5862298320167972,-52.03705475741638,0.7374337687214856,0.2806832155159743,0.9811437317918219,0.8773504531328387,0.06723418009056115,71.09923984836685,225072,15.264334293868044
0.8226005606596583,0.505888678884466,-25.94754910430651,0.5122219208126745,0.20699257843842678,0.5695397795671037,0.3894049389788753,0.5948473795019096,139.21907844385453,260202,42.48802501300765
0.3601906414112629,0.6114542354346478,-18.632101851764055,0.6802277792083533,0.5165726284459791,0.25954178317609033,0.5417609642675633,0.7388666771330327,187.12259635903274,209360,44.43577044160473
0.12706051265188478,0.01811018382084051,-11.964798053455027,0.041672900602384266,0.005505799160420821,0.43699588566562086,0.9680658120507589,0.03244344604718696,115.48376756975088,182287,0.0
0.5222432600548044,0.8721239089441515,-47.990985345311394,0.08479201604580322,0.0076640326492253275,0.593560935378786,0.06656472791422285,0.6587176387270222,101.48561226597201,288065,46.63350998104018
0.7699935530986108,0.9321182824836124,-49.95104506445581,0.7163233880626823,0.21906880910185778,0.07308156202701499,0.6483180074520956,0.5322918759514544,80.08572398252281,282947,77.54382553486238
0.21582102749684318,0.5651331835892089,-53.725929579935986,0.07208433599867337,0.03672136250082114,0.6223432646172461,0.07410542257486707,0.10326500887504841,81.20237307095002,257126,17.95461973112495
0.6228904758190003,0.6966508238768923,-21.814185027381797,0.0712567277652586,0.10802575413069138,0.9811778367622945,0.3754689284665004,0.17252387694636206,120.58800780785464,227357,59.84245158288027
0.085347464993768,0.9224993811772957,-17.611456410785934,0.01210847523488745,0.3388606493387516,0.19010764978372763,0.8038145451934468,0.5679742973160805,143.39517538261413,299589,54.760602244361124
0.0516817211686077,0.7072386343133986,-58.10483131046148,0.9565013982994801,0.8025856795798129,0.7925951162883833,0.4334722327556344,0.2963576135132884,71.28615672374424,149670,38.71056115404393
0.531354631568148,0.15253904291426135,-3.8272652253786106,0.737508359459007,0.5720486433693008,0.9078987937796194,0.9971823539029504,0.9383157286513161,191.5396024635232,169112,57.46160569724213
0.5406351216101065,0.5762883601668132,-56.881722980911654,0.35325140850206416,0.5126677259564164,0.9437015928202208,0.5590592849466022,0.8187402294840508,165.71870644232743,208388,42.78736630401149
0.6374299014982066,0.6067150463828559,-27.52221988193577,0.2965355812876552,0.29348882320812164,0.9601356044054472,0.3211621526359535,0.983567206513663,142.12734855971277,209156,71.80056299102165
0.7260913337226615,0.424130671302386,-17.456368832945017,0.34970322974584955,0.9317537194328164,0.5214596387214719,0.22011132590475313,0.259670838950414,175.98141393145872,279379,40.964957912569275
0.9758520794625346,0.7364442356247228,-7.741852575234866,0.7746535311811819,0.39701504123719167,0.9773079079915037,0.3505205342861618,0.969723632797977,71.22614595369586,167922,100.0
0.5163003483011953,0.9343670147690148,-17.154784072054333,0.6613706110704144,0.08709276679577149,0.7573102071344389,0.3725332737595508,0.43123386979155787,126.75744288263742,213348,57.680424124235515
0.32295647294124596,0.9255685129067763,-11.89631501581249,0.18519556786746794,0.6170665161178013,0.1616714362369619,0.06871367772396098,0.3475187953137546,148.21303776063286,199335,48.238727249527344
0.7951861947687037,0.4508393714041321,-39.632988447431636,0.17410933533408435,0.11383839347660141,0.47690010646797,0.36957419942677316,0.05034952696935324,176.01140685656048,146312,47.15150898718612
0.2708322512620742,0.11323804584075525,-11.110493175209264,0.09839564971339732,0.3452231428016921,0.718331175372004,0.4642385197392249,0.05276525785960262,169.68573840689749,186985,11.620709206598091
0.4389714207056361,0.9848411989623346,-55.193109216919495,0.6603027197013381,0.5074119387178089,0.24734031581908333,0.7227377522388047,0.6920112559466547,98.78969495987596,250744,58.81838607559686
0.07845638134226596,0.8388980864459341,-6.311000636368341,0.7643726622217359,0.8742225246851758,0.6406151835488874,0.656729484721608,0.4579289944340279,191.7232237382886,220963,35.36542694742753
0.02535074341545751,0.12466268120326685,-27.144457430775823,0.265046428325004,0.49354658034011867,0.6666004790466192,0.7087656552291542,0.2265216260361057,77.40841780032184,291349,24.859506955190547
0.9626484146779251,0.9208418826173723,-10.962133802250378,0.020944961030912812,0.7022587660316643,0.1626997438085659,0.008363681876857099,0.6139703063252326,182.5187066069613,151551,66.35791755253737
0.8359801205122058,0.8698963620621283,-32.86090292890199,0.08217166747642735,0.9928168389990704,0.5650853124527563,0.21766739958053605,0.2528581182501112,195.9316349446466,209813,67.16329606665853
0.695974206093698,0.5188380571260721,-21.3853382882085,0.9678600348450305,0.13148911989798162,0.7716269109786077,0.6616842883998565,0.5776317543444226,84.80149325116759,221025,63.747224951003226
0.4089529444142699,0.5912754357449292,-28.415840343833207,0.29544477747742026,0.2747315255195195,0.4988956645359419,0.48398936817974714,0.35920874698269034,161.08924898852993,244342,54.14873055630541
0.17329432007084578,0.39900270387013026,-16.104628694680088,0.7692231478381336,0.3945760755976464,0.012103116776107425,0.005313475668345946,0.823552226611819,65.63997262891978,296284,31.613458267352563
0.15643704267108605,0.05476163882203133,-55.102201078164626,0.6246635688542638,0.42182817853883137,0.009038469079292177,0.8044946424318223,0.8206961607667793,116.7591955194817,129637,21.235652042091793
0.25024289816459533,0.3351972416459009,-56.37887496056617,0.3819396396528959,0.41102107526554577,0.3570293439700122,0.7728095732903374,0.4773503981224013,132.27966188767437,163258,26.4602495630782
0.5492266647061205,0.8028534485980114,-45.17380595939122,0.2056872621955551,0.9076110025565549,0.926194068431782,0.5484191629935626,0.3508191093350156,141.2903316273488,286765,40.25713244514563
0.7145959227000623,0.004632023004602859,-50.4273191932087,0.12138641815940643,0.7140326444668564,0.22867677960360877,0.06646332577627212,0.36255979655909454,191.03121475479833,260896,34.24952836256902
0.6601973767177313,0.3334991716911442,-7.6929860044678975,0.6150129680388666,0.6079052140907037,0.6343636888716871,0.7665150495325846,0.8057145256682179,154.11509622118726,249553,49.64521513889016
0.27993389694594284,0.3981686935909433,-46.84716075851734,0.774633780637788,0.3093727178627821,0.22207587069332058,0.583713587731364,0.328179482797612,127.37891317069318,146950,45.29420511398705
0.9548652806631941,0.5373956029379229,-1.448084650852124,0.6439042535411307,0.8237903842212947,0.3216699896595486,0.7819599771579592,0.20905937370684602,173.3545050772245,274560,46.09091903853543
0.7378969166957685,0.9198556164127605,-39.786252493733585,0.5303021332491583,0.9550605114849889,0.848042089601484,0.7517469923958404,0.08468834187530683,193.07459493361725,247870,71.51186458106658
0.5543540525114007,0.34634599436596125,-49.072925058678045,0.041951223431636264,0.8211982825502265,0.7288614422699469,0.8030020719578371,0.4666931208844084,63.08926081552072,120215,51.410665270510684
0.6117207462343522,0.3469532018962277,-12.61808957145125,0.9684887775943838,0.0015651051914729042,0.09539927731321063,0.5180080664046248,0.4821320989198419,197.5529781158454,225603,42.34310930935539
0.4196000624277899,0.7375012481097484,-20.47753346994743,0.7987141916545746,0.636401370183407,0.4287020209864336,0.140324518193515,0.8409087104029072,72.05849946891524,131523,37.19761029694507
0.24773098950115746,0.45221794088980716,-30.108257012811663,0.29282203670096474,0.051135381442100725,0.029169763645264468,0.6711574733796887,0.22123869644606398,174.01414909762659,188689,24.819744675105387
0.3559726786512616,0.22460482293998196,-26.678186943742126,0.9799703293588506,0.25760722033372185,0.480890146603009,0.6204737850519706,0.3809912736683999,99.24686535719775,143834,45.14190999354629
0.7578461104643691,0.4524395161326934,-16.847893303664172,0.6018815896363221,0.059524700347771686,0.6624340117010681,0.7422531871990872,0.8084057388936909,78.50515208554205,154474,59.971636452031724
0.014393488629755868,0.14085702037979986,-46.29271552012207,0.5824226582072465,0.6037954529493877,0.11850262359815156,0.1698810060507353,0.8236236107489735,121.57978955993688,163066,29.472554747782997
0.11607264050691624,0.1763869865062233,-0.2199650365954824,0.7480731794295321,0.6865899134926068,0.28888493890916567,0.19497519990028922,0.3846110759787682,150.1539211226659,130400,17.3382143786821
0.04600264202175275,0.49836777273947974,-1.512410271193012,0.8117697880901376,0.11448763806590512,0.3978366255021569,0.8904095172193285,0.4591240232866809,113.3332583032865,245211,28.262841537334104
0.040728802318970136,0.4189254495045479,-20.980458819183788,0.6564786073315027,0.3838388830449795,0.9195310246560497,0.7499777984520708,0.3032858908492829,67.63915715957785,130345,5.37115417974162
0.8554605840110072,0.9148459010681,-48.027452944251294,0.12809574636620003,0.456236508955542,0.993255015422964,0.9082284887003229,0.9325548784193121,143.92455955222033,153896,88.85614330199353
0.7036578593800237,0.3623938991166331,-19.186305454122518,0.3382675059944984,0.3690530217609166,0.044911298995615856,0.7587153211639207,0.11864376574158031,186.33645865549448,148899,48.77517910812141
0.4741738290873252,0.5805883502780435,-55.66809546124945,0.9280836403260497,0.12102500048519305,0.761007923495392,0.5971553059903019,0.93374942300147,113.65015123261523,148229,46.615114489104016
0.09783416065100148,0.6322642879195304,-58.160849867651635,0.22461561184385193,0.4189477901874754,0.37172406640234323,0.6541327370278737,0.6838664518353432,90.28658886831579,125583,40.114374157935046
0.49161587511683236,0.013094456588333636,-44.53902668932718,0.3721670238375133,0.7511780478084181,0.39245818622948003,0.88912792394001,0.5315721526867312,121.96082843059415,255969,22.766284797230036
0.4734717707805657,0.6635373720167106,-32.24262259564102,0.432076882944196,0.07100766453325547,0.7542649733470227,0.5788067545119405,0.032659060784495875,66.77077954682932,191537,45.60036215963818
0.17320186991001518,0.17803596686975143,-7.903649675497171,0.4394049896944522,0.08018001408190345,0.9184264321454086,0.6323913243283874,0.4755961918220083,174.86826182723848,255639,16.38578279343973
0.43385164923797304,0.9610703174694551,-16.36985581402152,0.6129395824945255,0.3547712918359842,0.9509285945025484,0.15647671600360058,0.4077481050027323,175.68771353302614,194807,68.92673350780207
0.39850473439737344,0.14866272775311296,-15.437608728001138,0.9430758377447076,0.941725711618925,0.5771225860383208,0.4739212201161027,0.16121881197512256,142.32006488014798,249648,21.839270542793063
0.6158500980522165,0.41462412372702373,-34.47039993311548,0.24069271183250496,0.668572646722914,0.3571211593005028,0.716397111958099,0.6564096035006569,109.43440445137452,232652,22.69442940481361
0.6350936508676438,0.08534966807864386,-39.24390044718223,0.12150137630091806,0.6786699566725648,0.7875490858587793,0.2709426983163654,0.9711509073682858,171.96967102240967,264401,46.317017148467215
0.04530400977204452,0.9968742518459474,-37.737674220923836,0.19747048985993731,0.36191999083786497,0.25100138326230026,0.20225418052453492,0.5621888110645251,137.6561834703714,191792,62.441376464197575
0.3746126146264712,0.5021950103312426,-0.7410261758365309,0.8869249002092695,0.5936607912085384,0.5640740288335178,0.31382680822441555,0.7147532764439458,175.63052319700228,251300,34.10062777827336
0.6258599157142364,0.5953850173200438,-57.593448515251055,0.645810812655206,0.010131184027743378,0.35857846152487316,0.24150062799283345,0.06845045256601678,148.4042309616229,157052,48.047476565294915
0.5031362585800877,0.06707647738842748,-7.978110232653087,0.28590678923916013,0.6360960464095422,0.6566310737078761,0.21491263703639585,0.41766699581699473,169.8167662497916,166032,44.43008346682173
0.8564898411883223,0.7499604703991778,-25.2794754856564,0.8159469389686173,0.9132869475762367,0.2403989128935069,0.42485084286808694,0.11635848516449587,143.7988190504864,153686,59.14094750668909
0.658693631618945,0.20990559309558576,-33.68307484862457,0.861369996363436,0.6125734683448192,0.19159294573482577,0.9078385138835341,0.6127958355365104,117.97974955019328,196981,51.829238026416874
0.1629344270814297,0.8980542894407137,-16.48454037509181,0.846514338690278,0.873698593466345,0.9182390866754371,0.5070596467387183,0.9384821582141546,194.11242038965926,218802,55.158297851989325
0.07056874740042984,0.20513964048200717,-30.799863514517828,0.9189265336395545,0.7239730554660938,0.1018036829495369,0.18792038081532303,0.6617777324716385,135.75593548303826,253881,23.378559806154392
0.6424192782063156,0.19068772066366657,-7.594605715100364,0.2522410201733616,0.12055841640369025,0.5059579077349317,0.07697166938087407,0.07680304831442153,144.71253259567538,292857,26.38993525976111
0.026511310541621813,0.03654966784809488,-5.95788815932449,0.7550419287462783,0.9024533072858417,0.22085278296300892,0.6961561451379252,0.35466620498508283,90.86826951806489,287619,5.479445866398541
0.5857755812734633,0.47206694510999925,-34.69674438759267,0.46053949727414,0.06644384435577488,0.03892996332566745,0.38279876443638783,0.5506633794408515,147.5911105198187,162818,45.99199238059013
0.9402302414249576,0.5648411332626164,-43.39033216589691,0.8419985528900615,0.5339674725477638,0.03601881829142639,0.8218309465853593,0.4032077561332522,140.02507092761215,220422,42.557889886675255
0.575474177875879,0.06570863942835237,-24.458980284398265,0.7284906771616132,0.14213712379345766,0.17522177210582734,0.6595107686407702,0.8336440104751723,85.8773757125835,191927,33.256649779080945
0.3881699262065219,0.7755276166950106,-5.258199262998545,0.7764474464997246,0.011706610730904066,0.8667703545060003,0.7962414505413685,0.8146710047099892,68.34219362944012,199465,72.33768710246372
0.6432882184423532,0.4532888347480276,-47.36026865966001,0.6561618376810715,0.422034260127639,0.28247874397702666,0.27194603941844875,0.6118310201032214,144.61030476006795,233221,40.02991977673779
0.45825289049151663,0.52439026932758,-22.62200498619103,0.17742876946970687,0.29504070765415624,0.9504591705752957,0.6923589224610581,0.37345794513270525,166.91691770904487,157333,31.531023675769703
0.5456167893159349,0.44076274693822814,-22.106386794448767,0.5450269188969383,0.486000493797603,0.5816222929891935,0.2640619846937188,0.25533637376324414,133.27619192908116,246457,39.717864746219604
0.9414648087765252,0.400763060875326,-16.013218655083143,0.9846697395245082,0.5771998867345508,0.4366141897687661,0.9390684794502916,0.10587431821312931,91.7481675447504,136576,47.50378449614384
0.38610263780077425,0.5596403313082179,-52.105938892364414,0.9373880664971189,0.04373907230894736,0.5800888346694546,0.6363742815333744,0.35489768348655404,153.3130767370249,239875,44.84129324662289
0.9611905638239142,0.1552402459307125,-17.050502119074686,0.04317373579701167,0.12300329512374564,0.5166983852262678,0.3245118001753421,0.4131725172077195,71.21480172534432,159405,42.171391364253935
0.9053506419560637,0.18192813049527112,-5.458048760061537,0.16481481572943713,0.5586423964504253,0.7587762537573252,0.26951186229227264,0.6758229251040736,121.85671867227364,214000,48.67274462515756
0.19579113478929644,0.8617856210135173,-49.21901346778548,0.1317287734545619,0.34316735317265823,0.28249606597285226,0.1909265850716435,0.6581598242975735,82.87134617577883,151601,49.999507633881066
0.06936130087516545,0.9461154621336327,-45.74740050456734,0.7259799099852955,0.729173487549448,0.3530503916003024,0.6946409588937278,0.07010813964125695,85.82426714838367,187946,28.569658751425766
0.10077800137742665,0.37330931627975295,-1.7162943575016243,0.8177853298569451,0.6522916485919397,0.8940943025332507,0.2187156129979273,0.3952593154311578,88.32115288214851,172116,25.146980318029566
0.018221825651549728,0.27074467314355377,-49.14138283743061,0.2135113663106719,0.8456043629899068,0.9464565131504055,0.5953032659274891,0.18177886721736192,114.1389879861569,224186,22.25798900406052
0.0944429607559284,0.6439995432390158,-8.736894397825253,0.505852692951829,0.6924928266692253,0.8925582274864745,0.26463502692535734,0.1568127053168057,67.16102878685567,182894,36.880070922097936
0.6830067734163568,0.4087341710980964,-30.463328613117913,0.8407030280112,0.42993107739014813,0.4194479939573136,0.6619689447938686,0.8273021497372459,115.69108173007375,285707,35.943191771766614
0.07118864846022899,0.02538635566034486,-45.166135535809374,0.7328015447662506,0.6729666223944324,0.7803655030068817,0.8149397285405392,0.04191521671625753,131.63904259605812,127465,6.508671647636643
0.3189756302937613,0.15615259736619036,-7.755005923649314,0.5422372054918483,0.2753811742554185,0.4763357333010988,0.7780252431446532,0.41918287590212133,127.66119989528553,176754,15.27133506293119
0.8448753109694546,0.7159722288473975,-33.28168469984007,0.5903476904587729,0.3063134987782127,0.4975398521461022,0.7608513309307817,0.1682036557665182,113.58977405642568,212850,71.27086165052373
0.023271935735825866,0.6589239419101514,-29.110958764218587,0.50836054691628,0.7889851599207933,0.20468010905728395,0.18772240569225207,0.879330215678474,177.48052512990535,229765,47.90441789133411
0.8144684825889358,0.02709599250348349,-38.44599783601406,0.2975484513188206,0.4464195164015822,0.5911303032585165,0.08838494698451871,0.5570405132750351,80.34573693887057,212691,45.62154404461418
0.28185477477339993,0.22197216193294944,-24.422948913904357,0.5650219928590161,0.7983803405183525,0.18613589775334793,0.6989488284873856,0.23138063637684803,130.79754412939235,158871,22.173823892205533
0.11816482762165625,0.2310747965880714,-50.18856764489863,0.6888853020500907,0.8224223736682784,0.33156469906719377,0.3683472137943513,0.5024272871663764,68.6857983739176,149511,22.1759324465253
0.6967371653641506,0.6718927435987284,-36.53510780089436,0.8733229158608077,0.8575623376612838,0.8550302016199351,0.4323462264033473,0.7314863597031158,69.96179504290737,200960,77.36600107546843
0.628942846779884,0.019710537754364155,-1.8352606598827492,0.6362913539792481,0.9166352358412073,0.20707580921085522,0.031149092793391064,0.9581180089194338,140.34121895479348,299893,48.546811058209926
0.877472013527053,0.10410858198457384,-44.51199403793235,0.761121537043158,0.43098522051329624,0.07115828517343281,0.2595764492750492,0.22044600424541894,139.24257948429494,185776,36.0760102925784
0.7350710438038858,0.7999160853731894,-20.595800127522466,0.160071634954573,0.31886681832113883,0.0690075926128163,0.03367640387446402,0.8861817721293451,182.924691798224,164462,69.77574591025707
0.8034809303848486,0.1785446620543336,-40.488596146518304,0.4615574744197899,0.5821987465941139,0.9407845205031079,0.8791857726012476,0.9343041141674903,138.10231459241024,152574,32.86054942175991
0.2820345725713065,0.6527461078518747,-13.591612458803958,0.009331619827093296,0.3711724234376276,0.5069204379618346,0.24339668321853047,0.9164205445320662,194.37074285667902,222072,56.1449677305969
0.17743954377972282,0.23818278104672652,-52.14758035689901,0.24667886452162302,0.601074166800233,0.40941207181701833,0.557337169573008,0.6354143568619098,66.81727877599016,292982,26.29774499930179
0.7506147516408583,0.09944139275934516,-1.8107372952873177,0.7264617151130048,0.7055858626438246,0.8108785810079184,0.03897932066113041,0.6298206544347077,73.72107586930375,276258,44.632071819116476
0.806834739267264,0.24317219099945409,-32.77262751698164,0.9918099513493635,0.6884050184921369,0.835825927910516,0.6668473913056581,0.4032106331838228,66.16922061985339,273885,50.5743308970204
0.9905051420006733,0.7222669318556592,-45.83697219921216,0.0991780995872159,0.37455288702012135,0.3321910331156046,0.32302734575409386,0.7523978823037879,85.9387590466956,198282,85.98300013079479
0.4126176769114265,0.8556964681062857,-55.590195160199244,0.40149431586128825,0.16686020169875282,0.6936180574737952,0.8979191869576658,0.5312940183509319,135.77781553183493,229779,60.602198507556906
0.37201808579278317,0.8302198645669916,-49.81452569474756,0.8000709686991595,0.43052933846220753,0.7711228158518866,0.8881181889340358,0.6774380712282945,150.38010539983992,138557,47.454493929746995
0.7764129607419968,0.3971835296184548,-28.81356308663894,0.20403563462889884,0.14259414408190874,0.6546506868659545,0.3252906183617478,0.42845790384879545,66.38192211281363,279132,26.255752574792677
0.34080354025301784,0.6680851365706462,-39.77980941412282,0.5550849493022862,0.8900970351838083,0.15159507480009937,0.9009608956904679,0.7314964640431391,192.4359245783839,192104,43.33044234771125
0.9307573256035647,0.20498429541582097,-10.26699804704343,0.7330712960296748,0.3458774607378574,0.875883083517057,0.9961576734987788,0.8244715176045491,177.90315273105335,257152,65.94640693188143
0.8584127518430118,0.29314773026101326,-34.14674858029164,0.615985450260179,0.15445974722332378,0.5390945527360087,0.8254156641239481,0.14643625660281612,101.52574750199304,264926,58.64193159078162
0.42899402737501835,0.8963358185211198,-45.07714364474221,0.18802473461541613,0.025447759905750877,0.2824724263700037,0.844871347755229,0.832929715574228,70.80625423170551,242013,63.00284035588815
0.7508710677914974,0.013001923510736035,-22.971300803758197,0.3553845686857394,0.6458223862864843,0.4252281854376939,0.2490087361090899,0.5402965317903072,83.78419025066802,278097,19.242547067157
0.7545428740846823,0.08550853085446808,-17.59336698687325,0.7837917844853972,0.6369023174547432,0.03757109039890738,0.5767023988577563,0.8446659090902243,77.77221792569617,161081,36.46580988849527
0.10312386883593261,0.20788625514602732,-49.97748552594301,0.5542265141320166,0.34060416658129167,0.12786680122241756,0.06725591396736785,0.4313017063410146,77.25972910185256,255440,31.41325862471807
0.9025529066795667,0.026532203873819715,-49.94284702270094,0.005229613542912737,0.071711888847651,0.7655467505158609,0.09491793682166971,0.37904048538303503,132.59863641320277,239181,29.80855332772942
0.5052523724478571,0.18143543508979731,-57.79971438398742,0.7609907600280938,0.409628894895232,1.1634755366141114e-05,0.9988926120332906,0.9150607325172224,94.41864194907603,147094,46.607442704047195
0.8264574661077416,0.5830415609696922,-15.815879096061572,0.03531135494023907,0.3112174950633936,0.4165658284822922,0.32663924942591094,0.2511692675484013,110.13956031408023,297112,54.82435478596832
0.32004960103061175,0.42142455059249795,-20.171728342691694,0.7457337827312321,0.6771206397350094,0.5225101810855884,0.7481839120488464,0.8442123252861431,198.53074667380514,186766,50.44274915071167
0.8955232284962005,0.8926717110769748,-31.522147455011165,0.2024805601652374,0.6057792494526903,0.054634420000972295,0.8066650530268165,0.4840205725094041,155.80399484954825,203053,90.43308673762347
0.3892016787341631,0.8174435617384409,-9.349773061848175,0.9580734801193802,0.36459372819754,0.9730781629723328,0.8580232710072292,0.5140954425512597,192.85729338658018,275063,60.55351643793111
0.01083765148029836,0.34181735169787597,-11.659790822996811,0.3679407513020845,0.2178925542549901,0.22612533124967193,0.9976282974021565,0.308468281489484,79.95791770463619,121301,21.636352008492967
0.9053819764192637,0.2594234334312925,-24.87873813619487,0.3269316163380791,0.9880359661555919,0.30419871963628087,0.24149648525686784,0.5730422006190157,113.4995264765597,279682,68.28297630029911
0.09128667678613356,0.3796924081672669,-7.903723169204483,0.14888805033244468,0.45400162119611487,0.30394251225502733,0.04035082685969971,0.3252111962762113,137.66245245952962,201463,27.926041572049524
0.31931363759041487,0.5902949425148077,-47.649527397793904,0.3056042154902149,0.688274235780237,0.2304166621173499,0.411191517994586,0.03926941424165231,70.74612866442332,285750,26.0471201398218
0.9500619670508049,0.26806364082287626,-53.28482283613633,0.8766507618282006,0.14055296757836078,0.001473822086311416,0.13008066982894695,0.27199860534435605,60.5862421079141,144466,51.539029649021174
0.9506071469375561,0.624148907849134,-43.81502330898063,0.9963343376272473,0.4855896996593978,0.7293447940879964,0.022425889162055124,0.006379043406590679,153.86080673156846,291947,58.086307011553565
0.5734378881232861,0.4094116521912404,-56.57478863464111,0.36830953050684834,0.027536719869465487,0.9668454997992854,0.3604268271414861,0.9783547870568566,149.85473235220095,146081,50.06767504977934
0.6318372121697993,0.5520471808519802,-28.129828319938078,0.44861063095454257,0.50545511791045,0.22429348328504506,0.7837382510752364,0.9657472098197475,117.51043339994564,144354,55.1760872709054
0.44844552197831977,0.4361265291353167,-3.803658462302309,0.722070938202737,0.9640174071177023,0.6630471918034224,0.5661806912250709,0.39515529747230504,128.55017064448458,213297,35.818937901059286
0.29321077169806453,0.29446575954191767,-57.63938755988942,0.8861957804650745,0.3842067129858002,0.7418963269587151,0.31277798921035405,0.728370854339646,118.16202008289255,138300,29.823477044393996
0.32866454536991596,0.9484533069621567,-52.67340515939839,0.5930443341867842,0.03899601257491159,0.8484253790905247,0.6543420054927197,0.345806098410425,63.36070627828444,184384,52.05659242066333
0.6725184560770384,0.7636057941597608,-32.86805830299389,0.39152569817782934,0.03095579091934353,0.4226291970136091,0.23201818030881072,0.671093157085976,106.95202487044475,215027,55.7136825680025
0.75237452943768,0.14011317576645255,-3.967498948325705,0.41262184084862374,0.3879867599468695,0.30293090564042924,0.014381446072085025,0.8054300430459791,84.79151575562058,241684,48.14591065630624
0.7915790437258485,0.8684679758979128,-41.03063370139497,0.6956181464968069,0.16002493646319405,0.3252951340230311,0.7643533864364274,0.9467562446922407,73.77938647419163,180892,80.53322838112499
0.7896181427945539,0.48743119824951364,-29.565911478696453,0.0032182636042786816,0.023352096328185912,0.7126213330985128,0.6237430848640091,0.400212275849672,193.94086074450897,155525,54.64205550310529
0.09120610304869037,0.8945522268940914,-57.505628456976474,0.6195893374598407,0.7562136139501768,0.816779466505636,0.76230262450096,0.7832979829560477,143.91036150590318,277604,53.560538431978785
0.49442030470258147,0.7998552559473152,-51.09940794227467,0.3554930104413574,0.4585230088818907,0.18161396775660266,0.03893801668766561,0.2659284506321188,162.01187979312436,126464,50.36875583136182
0.057558760016644284,0.42521350446923345,-0.8021926224691853,0.7941973312770843,0.2892447719726545,0.3709410081577652,0.8371196278306522,0.9903323037936483,104.15092405725645,136562,52.96200703167678
0.5495288823237355,0.022469308320117398,-2.092878213837267,0.09299063982313216,0.9000831830164807,0.90194019674915,0.6195262000363033,0.025769598764351143,115.04059812916213,227392,18.574089646181815
0.441530501373377,0.2686773593849461,-59.70360114393542,0.5882022669483905,0.11613896020052561,0.8066935196947392,0.5633953507126401,0.603528806501121,93.16935914554128,175514,48.701254007176345
0.8877041827582998,0.5416342146608669,-2.8912928746056608,0.48097288988612374,0.9559188289553192,0.9848584027624758,0.6246140481145316,0.6595059816513271,73.57519393515946,233428,51.52245387054707
0.3509150125520787,0.6334782198261473,-21.65280373106998,0.6423255259052274,0.3139667173773528,0.7542482596820808,0.8644332468683641,0.6880455570741288,85.06442924182173,232564,55.51926865310461
0.11706701642760586,0.2578876854332023,-7.924902328798673,0.06485359448296835,0.8884036723086812,0.39319520102792227,0.5869365065589071,0.12038757878908901,171.651966341508,228047,8.888239119337891
0.14299168205283586,0.13935607407282413,-32.71560866196845,0.5799837874281313,0.6029428764794615,0.5906378339946378,0.5809503798881793,0.9385297834731304,154.8564127257286,152634,23.073069811027306
0.7615106317174722,0.8349302367992991,-29.064238285244986,0.5614845879595237,0.8267073597414875,0.6610142542473203,0.9906791570657658,0.1811832790500828,136.57004263796676,120060,55.74713560522226
0.6182180633162611,0.9844021807035521,-30.66920518458479,0.5606600944161709,0.9840131632104643,0.07845581631712395,0.756730167068568,0.6227534032398411,126.51258220134753,129269,65.63170750638895
0.10112267612279024,0.5256901823026858,-19.988144547233738,0.6034876665964548,0.2884054378187457,0.5444969591038651,0.4422938054511353,0.22267607912308496,189.14079971185743,143065,23.81876259343433
0.08410680611499743,0.1716792858483035,-51.620924714621225,0.6764679372263622,0.961135485407593,0.7093208284726096,0.7073970000329277,0.3072164170212709,70.18289268901357,122895,27.707454856713127
0.70096913145912,0.27230732651936895,-58.201584607639326,0.8049889996807698,0.38948189490242036,0.16732130400106038,0.3892304716917885,0.5464585417281244,99.28411385330824,200859,43.30464957028724
0.07276300636419353,0.018390676547466733,-41.52420350452854,0.26982072012821434,0.3855119047369223,0.7806317174255571,0.228875462483499,0.4171934185645765,108.99129949989997,263424,13.512939516212096
0.8218600592903562,0.914298806560499,-17.7191542358012,0.8250494101800621,0.3403871042545057,0.5837727805141116,0.5968518768877594,0.1602256009765063,169.5396137097903,224127,59.860666425146285
0.7062422271564962,0.11775108289014113,-47.8887928726231,0.4982556822634536,0.5414076073475852,0.9522217856975946,0.9281820981139515,0.1709364024208483,198.95204682267598,216426,37.885431215898585
0.08134878064189976,0.5765164755142536,-19.59405400050496,0.07705827913433116,0.1541450431784871,0.042422298206891695,0.9291395200154627,0.41814478816279965,93.69387206600143,283088,37.41458098547233
0.08483771408519192,0.274055220687206,-1.8052772335637712,0.0585509292439792,0.5537114853580112,0.26532613755546697,0.3419052781054903,0.7572829782755007,182.4030267791913,131962,25.56371337205663
0.9866395785011755,0.5541780025157934,-54.3659570526349,0.3342383186960608,0.541704812410004,0.6015538792998241,0.527677466221695,0.8979646468477885,176.28718646045078,153302,53.882761466356335
0.3742707957561203,0.6514203883518642,-19.643872906492426,0.7848969771114676,0.76190181260487,0.2965599122059307,0.2116358985698612,0.08412766225938284,91.45203566984733,205382,41.13045723596454
0.3706421470668909,0.8297418037072016,-33.37498684172573,0.7076809347409158,0.8336499619375856,0.7144241640712422,0.9956311094988834,0.39310390755940106,115.90656122789116,124011,57.927809936837406
0.8127995672575026,0.2064212717606032,-7.911464737349675,0.7886149646724064,0.44044135031242404,0.759005282521931,0.9811179078679357,0.10024556372287663,117.35420170095267,249716,24.857270779373277
0.9472485773838587,0.010995828658480478,-49.371012633156845,0.5172690564416094,0.30233324935149375,0.10251596406647445,0.6495089297074473,0.016592480632597884,196.95089359371818,139782,26.235193893515316
0.9860010638228709,0.13688563006880727,-18.442442866430127,0.44019899795549056,0.25933489731709447,0.5138544642067677,0.8044140596774734,0.6617186826439566,85.32486619304576,240654,53.66143578492711
0.7533781852589416,0.9000186418481051,-9.713082621113386,0.14745252670628395,0.19462383670487193,0.5088905555910559,0.7151001612837,0.6024494419665878,171.88211595466947,290797,54.941799499806535
0.37625958553091576,0.8738900775625152,-3.323146831558603,0.32819275360931155,0.05764758219902488,0.36928077021554107,0.5931582190394682,0.1630191138148862,106.78697998423539,129196,43.01525111062691
0.08350071669866876,0.5974131021703083,-19.00511830262125,0.43401936617387527,0.34244797883471334,0.9329248625696721,0.053347996988897695,0.2338128330930641,162.32184840866245,163459,34.846891665897694
0.7771469159274368,0.6005168604336534,-30.169514159494362,0.08860042967961723,0.27024769213078326,0.8275063198732212,0.45476434255266107,0.02370775364451838,118.8015406013928,207245,58.85942135657571
0.558404249735805,0.6650366745462555,-22.929165587927173,0.22061195271121126,0.9664173858664074,0.6972093819096368,0.6747863021674105,0.8349472056944037,140.9703668363156,198863,81.91033671052412
0.4242220092469763,0.1753712786234496,-7.865700931276905,0.5982252940637388,0.5577088262500439,0.7143266357349976,0.6775316138836847,0.9746905960485515,176.56564826565835,243206,58.8218710269892
0.906354385094736,0.9144119459249598,-25.76341520167022,0.7356631142391898,0.34727703903050755,0.4617161438131191,0.3731226184223836,0.1354595367946908,172.58317909774377,221010,67.91399494889438
0.11119748230615134,0.4187705248920731,-58.17677641818979,0.9983475113929496,0.580467600993696,0.9209945210965759,0.9416919866580306,0.23147521376529812,181.29924569555803,152769,19.873980925353905
0.49262510429085915,0.38313852824949746,-4.143078269581331,0.9331133313435577,0.1391967013456955,0.6945954272532854,0.167357032236781,0.868409523946934,68.34642554825226,227529,56.70370741535321
0.011353644767419069,0.5189177052828375,-18.628394938106332,0.6425651995351915,0.4440437492022029,0.7289810616558164,0.5003594462155606,0.9264637979561848,156.88707742556426,144700,34.190664276223195
0.46866064199412627,0.046965966775055046,-19.40919685336521,0.421248053294072,0.6262343214210638,0.8616909037873453,0.6908839765508228,0.41962738280681033,79.5982327410468,125269,16.710052737505684
0.05630327568183735,0.1662833687560794,-47.05949085613697,0.6361773647082327,0.4888978317924514,0.274071589342191,0.6971358058918092,0.050622472269074126,118.21459952257754,241631,6.3002219424287755
0.11881791626807192,0.7380336164263704,-20.46687178604057,0.785651618080232,0.40177880065432425,0.807070903866703,0.6486389567688156,0.0393918336928194,136.80237810765638,163880,29.566985817182296
0.11752624677710488,0.08279866792512647,-36.36813566075049,0.11833619092338732,0.9938483888996982,0.19524060295649204,0.27528821345186016,0.5739498660690104,116.3835278645563,234003,22.44303767235717
0.6492103021160636,0.6031521094663882,-20.926021377510473,0.40990488969628824,0.880314762148927,0.34534195224488784,0.15620656868662197,0.392895108893179,132.74563461242104,259392,45.436279398657405
0.7460448792654233,0.24534910968132095,-53.60441818152056,0.8398022856356172,0.6234059581594401,0.3356104542698427,0.6359403268267109,0.028652427577654516,199.51368323180668,169589,33.61957988974678
0.5833687650971596,0.38929561404197655,-20.52928172381784,0.383832951933044,0.5693773611822828,0.9785254683891406,0.5993021161394377,0.5832523923125568,78.93042391979967,155897,60.68746987489819
0.9621725484745419,0.28869373677069987,-0.035176453760009,0.5718722712271865,0.620660479824584,0.8565372237479268,0.17935601028924097,0.011302536589022472,154.56384634709957,282002,41.86038379758518
0.37487057952370406,0.35567271646494913,-57.107277668366635,0.5877693608621982,0.20131210782243325,0.7011698615902597,0.7051391455705633,0.787371958149273,115.44013529398613,134380,56.38788808851233
0.28571208628186073,0.7190459051842455,-1.3695489467209612,0.18447625313363936,0.3951377432643186,0.7270567616153901,0.4551719917336564,0.3064328227033716,78.62137184702603,190934,55.482421260552556
0.8685991281894603,0.297121715623175,-35.58552235662776,0.3622354416522884,0.03945953289089932,0.5620727944025711,0.6677605916031529,0.0402580030092321,82.22314687240333,175830,44.66840489780178
0.22359583851945264,0.5664046402968972,-7.754792979764453,0.33451128874193214,0.47554603748682667,0.9470906671085191,0.8373670797701507,0.5883522209831533,192.89823487438636,125529,37.58957728773733
0.9632225394406113,0.47605040219909966,-13.056870956503595,0.026196708532064794,0.5430245839576632,0.49625875288236154,0.16972842857692316,0.3976844144330547,183.14420953964668,214598,66.29746033333446
0.012154474689816341,0.6636711653626481,-25.97902434079993,0.024191763891355245,0.2277497361032096,0.3805177098698945,0.01914486799683668,0.9738004133571495,186.98587445810307,202987,43.887739935962664
0.969878826707639,0.936829739324758,-15.69304744492041,0.8316970436757735,0.9640288471655137,0.163035336931591,0.7791025863957868,0.5441986625037022,198.8145886158341,169178,77.43343107402393
0.04315991195057611,0.7325720972102503,-7.28906632191913,0.2730708099728124,0.909454610937242,0.786205652261058,0.6096974251526159,0.2752391810370083,89.16415460119251,258009,39.404451609323395
0.8911431136980711,0.21494037859075676,-35.75158070093802,0.5180787662388154,0.7221432354559059,0.7344439320755914,0.6996395696221217,0.7094388646339748,109.76150723096865,241952,49.467011123317086
0.5277011090862999,0.031183135061284672,-40.37801030620568,0.29872557358877305,0.5333866287653626,0.3843550385241349,0.8381549749886426,0.27149200254271133,153.69066418948134,159886,15.30552154178924
0.9929647961193003,0.2622640442998251,-19.944396866184917,0.9406792451153405,0.869969159647685,0.02519341395922936,0.8028109348245005,0.9042432914075651,127.73235558049062,169699,43.09338233389462
0.07379656473539886,0.5950779307002548,-11.529243483524482,0.25929675886577375,0.1306523438234629,0.8389973277180107,0.9609201469288247,0.37472197050737643,118.57453467296669,196396,43.102782883474475
0.5538542844013208,0.05142581348425035,-14.262891913403053,0.4296568127389351,0.790509794274885,0.011417983454073632,0.5359350788521182,0.5498685627762052,110.09357490698304,210678,35.37345359499734
0.969302535619099,0.49636624720123634,-12.13118106848193,0.8727302504846018,0.1248208139668483,0.703699779629051,0.48849563265990537,0.05057310382422886,143.12928847208332,145279,32.73907810814358
0.5230978441701488,0.5968428489168892,-33.86500111122402,0.8419335667918086,0.7942106625494054,0.970257109726057,0.4018871998907301,0.4261212379522308,140.58308000961148,289178,40.62120054545608
0.6293986381352625,0.3342438908169608,-10.929947029498706,0.18610141784627732,0.27576756825135695,0.43766132814820347,0.15369104284420454,0.832363539660995,82.60409676899361,230776,50.68963986269006
0.6957486889846172,0.7709122037458219,-52.787456677763494,0.8026433097957104,0.8770905810181889,0.23497340499595276,0.5726072328820224,0.8056488053633419,126.04357725258147,221444,72.24764846224392
0.45454106476777323,0.1065982531337718,-27.330654122349024,0.45818688673789265,0.9440420938253978,0.7048710100433817,0.2770125243259788,0.22431855885352625,137.486048669379,226300,7.201996655783677
0.6275580800840634,0.07513778173580876,-59.65448037011271,0.4829688720853552,0.14879596940511564,0.8171281420155851,0.9213075122129755,0.22607907101056268,139.84017142239466,233793,25.46144842674129
0.5843143119231002,0.7281887562036033,-40.52485020598378,0.13347997241594378,0.4626756050653935,0.5464303160778473,0.5831908042770976,0.8173053122132368,89.41500700772926,236278,68.39963180264151
0.901158010490989,0.49549131620619846,-38.01230790771613,0.08060151375712465,0.9809873781626851,0.9670352752561462,0.5928401805081102,0.9303984201693255,163.91799491532015,291616,61.94724334737132
0.04544638034145787,0.688402396427736,-36.229638503444676,0.7279393069737652,0.4834074359731466,0.0516687216579611,0.35492466087701,0.09536092127300355,63.52787327494975,223247,33.36500217715718
0.2809631895922303,0.4348273386037462,-18.27196759860827,0.49646115235529975,0.8635475225145451,0.5047955983045281,0.05198935197770749,0.45005863942622526,109.67645977604278,128997,29.9476431999965
0.9504114840765587,0.2464020332391068,-36.68651392377926,0.43685070261517955,0.5887315221313199,0.7184539473225501,0.03174376537298862,0.33745427896422897,169.2297707949887,226102,54.20947494814084
0.8902637838909163,0.8191023176741997,-33.078382642648165,0.7295082286523967,0.37532990791960186,0.862640471149179,0.4233351441531975,0.8706884554574393,138.94500894775632,205711,68.89291819418155
0.45565675278571294,0.7994158789689793,-45.747352147540354,0.7655128989911097,0.2857835555258702,0.17925561190779005,0.08456537809723785,0.08352491468001877,96.56274055152043,236045,35.896053644987134
0.6201325978015367,0.6946964708544268,-37.60489250223959,0.15890816766935356,0.20322309108608727,0.8000034817636814,0.6068469555401391,0.2111259425580374,157.29343670802666,160860,50.903624259999425
0.2773811829811327,0.2721451372299627,-46.36382236421091,0.6102251494776413,0.7617981913776972,0.5527070757185453,0.8809730056396574,0.7524683375864943,139.43473218185028,123225,19.92134800747742
0.1881211597237613,0.5902306668690871,-55.60824457389338,0.13535408227768553,0.3865405068230279,0.3965536819899632,0.8829148165187222,0.051293848981215584,171.4741053238942,230114,9.227626565472736
0.46369840493998216,0.3609738969400268,-23.793084397117326,0.7513750860290457,0.5112754622007512,0.13171502857909356,0.6590454101322324,0.49253538071428926,162.90352606657527,233218,49.03796862062646
0.3533522280260528,0.09158207332663415,-19.907232086699025,0.6569551562671395,0.4923254800011819,0.8652957589089124,0.211231831472931,0.44210703467972,145.41510908507286,220764,13.263745651833164
0.5836561118508721,0.9173135754622428,-22.83057923942313,0.956614621083458,0.5772790292331312,0.15727320817971535,0.8629968313588721,0.33440117898874866,128.34487454351398,227041,47.55373412795272
0.07773463696498484,0.1368186309189614,-32.19035737196566,0.06895801635642118,0.8655771456245522,0.30978785920909924,0.8860934353132082,0.3945723153189238,78.64549759345329,232224,7.578642882590396
0.9743948076661665,0.9502373538208024,-37.21285318924621,0.05705472115125432,0.9807393435834294,0.2900455319624369,0.1966535849529587,0.5299405869302329,96.58662250395372,183656,69.27364380731379
0.9862107444796029,0.44600577295795574,-8.199981025690484,0.28218707469320015,0.40758420857381694,0.8714140341908543,0.7374260857706773,0.16136735838838312,118.67392620839195,196290,49.232785808838536
