age,salary,experience,credit_score,purchased
56,21920,26,375,1
69,126121,37,308,0
46,97219,25,495,1
32,96872,37,589,1
60,101132,24,360,1
25,22093,10,688,1
38,32905,7,307,1
56,141759,7,668,0
36,44351,32,344,0
40,50981,6,643,1
28,93903,37,674,1
28,90821,20,326,0
41,129200,7,492,1
53,123241,20,656,0
57,102289,19,361,1
41,136506,7,361,0
20,104021,30,721,0
39,98513,28,679,1
19,39874,8,576,1
41,70931,14,730,0
61,27674,29,414,1
47,70516,25,420,0
55,141982,9,824,1
19,148408,28,715,1
38,114574,15,462,1
50,80686,35,636,0
29,114851,19,678,0
39,89212,36,623,1
61,22426,21,472,0
42,142952,6,363,1
66,110009,22,400,0
44,88498,39,621,1
59,49943,28,365,0
45,86395,15,757,0
33,64816,37,752,0
32,24138,27,558,0
64,120728,37,725,0
68,111176,30,477,0
61,95945,13,579,1
69,24017,32,643,1
20,30451,8,316,0
54,82956,26,595,1
68,113863,23,501,0
24,30278,12,493,1
38,110480,25,448,1
26,63764,28,674,1
56,143030,27,334,1
35,21134,27,668,0
21,82943,7,328,1
42,115667,22,520,1
31,74318,28,352,1
67,123423,4,652,0
26,123998,6,691,1
43,80128,35,375,0
19,108056,26,793,0
37,41869,1,821,1
45,122468,24,416,0
64,137034,8,579,1
24,25039,26,474,1
61,41281,0,594,1
25,132935,22,750,1
64,30442,9,817,1
52,93788,24,320,1
31,139729,2,372,1
34,47586,5,335,0
53,73053,5,806,0
67,70489,1,532,1
57,103104,17,796,1
21,106346,22,505,0
19,87087,1,725,1
23,32625,11,343,0
59,54397,21,390,0
21,78671,36,769,1
46,136214,19,766,1
35,111785,38,753,0
43,86897,23,632,0
61,46149,19,806,1
51,80030,0,769,1
27,89906,0,320,0
53,25283,16,527,0
31,27610,0,675,0
48,63326,29,429,1
65,34924,2,713,1
32,133143,10,370,1
25,130253,23,703,0
31,96162,21,696,0
40,120297,25,636,1
57,20869,12,804,0
38,117088,0,575,0
33,21014,23,312,0
62,30103,9,302,0
35,102522,34,523,0
64,130317,23,474,1
41,116007,27,684,1
43,53458,35,540,1
42,110605,15,846,1
62,102409,39,313,1
58,43248,15,494,0
46,109160,16,696,0
32,63516,14,730,0
62,49061,15,605,1
18,44170,14,633,0
42,28024,33,709,0
24,102214,10,302,0
26,123792,0,751,1
41,105947,14,794,0
18,63803,25,716,0
61,39296,3,690,1
25,111829,4,672,1
41,112708,34,351,0
28,106664,12,675,1
68,38257,9,694,0
34,32855,10,441,1
25,105178,17,385,0
52,149876,33,763,0
52,121121,38,345,1
50,143324,22,537,1
22,40025,6,309,1
59,24458,38,829,1
56,83610,2,477,0
58,90843,11,305,1
45,127237,6,606,0
24,103961,25,847,0
26,69831,32,626,0
25,63427,36,655,1
29,113809,14,694,0
51,58506,1,599,0
50,25668,6,825,1
65,111470,31,584,0
40,67195,3,629,0
41,93233,19,349,0
54,44417,35,677,1
52,101982,31,837,0
61,126133,27,443,0
57,30751,12,359,0
39,66218,0,374,1
44,146649,34,302,1
52,27352,29,747,1
18,99052,35,574,0
52,108835,24,829,0
54,117493,15,514,0
64,48927,18,784,0
31,61094,0,628,0
20,121948,4,554,1
18,74122,21,686,0
22,49493,23,425,0
43,112247,36,849,1
31,93539,35,623,1
56,51707,35,503,0
44,88814,3,471,1
26,27296,35,516,1
32,45398,17,544,1
32,55842,15,635,0
43,33261,17,597,1
59,96709,21,481,0
30,115985,1,633,1
68,126616,20,810,0
49,76704,35,682,0
56,87173,38,498,0
66,51781,38,631,1
69,33652,28,464,1
49,25103,25,541,1
21,45500,20,526,0
47,135332,16,750,1
54,120336,15,495,1
40,55529,30,503,0
56,133499,8,757,1
62,38452,30,556,0
32,69393,13,828,1
60,51174,36,571,0
46,84450,1,308,0
53,55436,13,500,1
30,67406,32,358,0
49,83059,34,692,1
24,35954,38,418,1
68,102722,19,698,1
39,139747,1,630,1
45,32356,18,566,0
19,148128,36,819,0
59,118499,17,779,0
62,22187,15,433,1
23,97243,3,654,1
45,55098,11,797,0
45,112471,28,406,0
61,41225,6,589,1
61,23606,13,446,1
37,148664,11,626,1
47,77620,34,714,0
28,52828,4,509,1
45,146270,16,595,0
42,46489,31,697,1
56,34387,9,402,0
50,89463,16,807,1
18,91832,4,508,0
44,115980,8,727,0
69,131926,32,692,0
30,132429,35,408,1
58,22591,35,647,0
20,143446,17,349,0
56,130431,8,404,1
23,68516,28,719,0
25,111683,13,672,0
44,82061,24,326,1
26,124425,14,572,0
54,86736,5,639,1
50,101257,28,600,0
68,81753,14,779,1
59,104774,28,843,0
61,31087,3,564,0
41,50816,17,841,0
32,43408,38,465,1
49,144116,15,615,0
49,125276,10,300,0
41,20136,13,560,1
58,37413,2,362,1
69,133650,37,782,1
66,79500,17,620,0
66,104514,19,500,0
69,76358,24,521,0
29,86197,37,451,1
56,120776,12,761,1
19,112789,3,516,0
20,112420,13,495,0
66,52854,32,501,1
54,96240,27,533,1
66,124523,36,440,1
34,149494,7,797,0
66,110063,33,356,1
19,36322,4,803,1
19,133053,4,441,1
45,26968,30,838,1
40,47518,8,405,0
54,71925,31,464,1
49,79848,32,514,0
50,131900,2,370,0
18,113422,29,389,1
36,21700,11,527,1
19,113782,28,378,0
61,121004,2,648,1
43,43199,25,545,0
49,64589,29,571,1
23,52115,8,702,0
49,81934,25,415,0
21,136335,1,734,0
28,140726,2,829,1
34,74316,3,741,0
55,25520,24,471,0
41,129814,12,315,1
22,56455,38,355,1
69,135284,34,402,0
51,106465,22,583,0
23,143364,8,816,1
39,61605,1,577,0
28,34955,30,568,1
65,64049,1,699,1
33,33917,31,802,1
50,90293,17,385,0
26,98581,12,619,1
23,139072,4,331,0
33,84925,9,635,0
46,127216,24,350,1
20,90269,33,378,1
37,50954,36,473,1
53,116671,29,800,1
36,92617,6,375,0
43,61458,5,615,0
20,109037,2,672,1
36,41113,12,380,0
37,119977,2,370,1
49,132622,25,370,0
24,145947,23,345,0
69,110226,5,346,0
58,63939,11,721,1
50,49345,35,448,0
57,144616,1,429,0
56,66313,10,755,0
35,130107,38,804,0
57,141866,33,543,1
18,112365,25,773,0
28,120598,17,681,1
45,89166,20,402,1
42,67861,35,788,0
67,117406,39,336,0
40,69298,21,848,1
48,67221,29,819,1
47,64942,29,632,1
59,23453,7,696,0
52,122811,33,595,0
24,74935,8,406,1
33,142439,19,829,1
43,63370,39,382,1
65,123932,24,587,0
69,28328,18,760,0
66,35534,4,514,1
19,105280,10,580,0
18,104925,14,758,1
65,56320,7,643,0
29,69170,18,493,1
22,120546,22,457,0
54,100201,26,764,0
49,148935,39,403,0
26,141006,31,333,0
58,123401,25,401,0
52,28640,26,624,0
36,120252,18,440,0
65,111057,28,773,1
33,50049,38,330,1
20,25618,32,362,1
37,122540,18,386,0
41,76053,36,603,0
50,21920,18,360,0
41,63937,32,695,1
69,89724,15,633,1
28,32207,22,710,1
66,85774,6,583,1
25,52972,25,765,1
53,30799,31,379,1
55,91088,11,376,0
57,48916,7,839,1
37,90463,4,660,0
52,113500,27,376,1
65,96700,4,808,1
42,57158,25,463,0
52,104607,4,308,0
42,139639,21,474,0
46,133945,14,761,1
35,91696,12,606,1
63,81510,27,544,0
35,140076,32,421,1
19,78692,22,484,0
52,81744,32,331,1
33,35810,17,609,1
58,25126,29,671,1
53,50009,25,355,0
50,119120,15,572,1
21,131718,12,763,0
50,110932,38,755,0
31,20192,32,548,0
38,136464,25,377,0
65,56413,0,833,0
37,32816,37,407,0
25,59082,1,572,0
24,85048,5,314,0
20,143130,37,669,0
34,70940,23,603,1
50,52130,17,504,0
65,60142,26,412,1
29,149564,7,552,0
68,56468,27,740,1
39,50698,9,485,1
39,30655,16,526,1
63,67897,28,827,1
47,50075,5,653,1
55,29359,13,300,1
55,149048,21,719,0
62,122197,5,460,0
68,125115,25,460,0
25,62056,38,427,0
44,71831,11,450,0
44,79191,34,743,0
51,138592,13,770,1
38,141948,21,762,0
47,53272,22,329,1
50,128117,6,772,1
45,34671,39,379,1
64,47048,24,338,1
50,96274,12,539,1
22,45963,20,636,1
65,63954,9,579,0
36,92309,8,415,1
21,122120,14,568,1
52,115430,1,634,0
66,20717,24,611,0
34,31676,12,352,0
61,24434,33,367,0
45,69810,33,333,0
47,123361,34,685,0
46,138696,37,548,0
63,114636,2,410,1
23,24994,5,393,0
52,24234,18,709,1
58,89300,2,478,0
54,63949,17,346,0
41,57405,38,675,1
46,54872,8,501,0
66,62215,11,744,0
63,43185,4,596,0
48,63442,2,607,0
52,143263,10,792,0
50,71759,29,637,0
69,61153,3,365,0
38,97535,4,721,1
49,122023,0,839,0
40,22581,26,792,1
50,71717,27,616,1
20,22763,28,374,1
35,112910,17,358,1
42,75480,11,685,1
59,58759,12,314,1
48,96067,1,530,1
20,138094,36,498,0
57,45307,15,653,0
63,116371,23,334,0
41,31064,34,461,1
67,96848,21,770,0
49,57548,35,830,1
64,56945,10,722,1
39,67937,28,647,0
40,26476,34,446,1
19,71756,14,673,1
44,110101,30,715,0
59,22382,15,793,1
19,69683,9,555,0
43,107999,31,402,1
34,65276,1,420,1
57,53402,23,718,0
50,111881,22,649,0
26,130300,1,341,0
60,46946,37,666,1
65,99698,30,328,1
56,134690,39,313,0
46,132309,25,784,0
59,93933,28,488,0
43,42335,2,594,1
52,65095,13,482,1
67,99930,24,847,0
42,149974,0,336,0
41,47197,2,313,0
30,147619,25,458,1
24,42010,17,793,0
53,44123,8,628,0
62,107923,37,382,0
37,22890,22,321,1
18,113305,20,431,1
25,129162,0,764,0
63,140927,20,755,1
33,28026,26,601,0
31,84925,5,566,0
29,88842,35,694,0
68,53665,27,419,0
40,29277,16,545,1
32,62239,39,337,0
45,67664,2,544,0
51,68008,11,320,1
19,34683,38,409,0
49,20670,11,693,1
40,109211,1,709,0
39,37889,21,307,0
68,75612,22,743,0
42,64535,29,627,0
39,98542,4,589,1
39,74319,8,810,0
66,134072,20,660,1
69,112067,10,518,1
59,41639,4,705,1
23,84712,34,519,0
32,36633,26,406,1
60,141145,1,585,1
54,54660,23,307,1
50,88975,30,488,0
25,52172,32,380,0
61,79197,38,407,1
61,121158,29,620,1
22,78847,36,645,0
56,31577,27,627,1
21,97299,30,601,1
23,40176,10,499,1
62,64386,22,718,0
49,83972,1,338,1
69,140018,39,606,1
47,109791,26,303,0
64,61003,34,376,1
52,39996,1,767,0
57,120922,38,478,0
69,106598,36,575,0
33,55931,20,451,1
30,144168,4,463,1
67,55710,20,589,1
59,143099,28,677,1
47,54693,19,609,1
36,55740,37,688,1
34,97241,19,482,1
36,128944,24,605,1
45,113583,1,371,0
43,96502,31,518,1
54,37374,25,472,1
43,96674,5,571,0
40,136500,2,767,1
26,101471,32,568,0
29,65913,0,319,1
18,143683,4,802,1
18,86025,12,446,0
64,64516,18,728,0
51,107796,11,464,1
49,46069,24,609,0
65,138333,34,817,1
42,76233,11,313,1
57,104811,29,431,1
62,79049,4,738,1
18,121820,33,562,1
33,138028,21,524,1
56,59178,38,557,0
22,52821,12,533,0
39,71727,2,635,0
46,80935,19,708,1
20,36999,30,323,0
29,82522,4,570,1
43,58712,23,394,0
33,84551,39,441,1
68,60172,32,380,1
54,53722,7,573,1
39,30625,23,575,1
46,87165,19,764,1
31,96509,15,507,0
45,26859,11,595,1
22,61609,12,338,0
64,63307,38,587,1
66,130986,24,423,1
47,121582,31,582,1
63,41839,23,479,0
69,47216,8,396,1
22,72953,39,490,0
29,104481,22,373,1
33,80593,12,746,0
43,92075,31,796,0
43,69522,14,783,0
65,119161,35,415,1
38,24886,4,834,1
56,131249,21,397,0
53,27485,15,627,1
50,51455,9,706,1
47,131984,23,612,1
54,36767,17,447,0
40,132701,17,641,0
27,48453,6,794,1
22,96280,3,322,0
53,122638,25,404,1
51,73442,4,521,1
69,71877,15,314,0
48,32226,34,377,0
27,113405,25,621,1
36,42588,17,540,1
49,98976,28,317,1
18,51709,22,753,0
22,67788,13,742,0
62,108031,14,576,1
21,57019,32,723,1
33,64948,24,775,0
41,85133,20,326,1
33,134444,16,813,0
19,86458,22,763,0
66,137603,16,662,1
45,47526,13,682,1
49,93493,28,824,0
44,148585,19,681,1
37,72198,29,483,0
41,134100,18,493,0
29,143854,38,761,0
67,119534,12,355,1
52,63395,17,529,1
50,44031,22,788,1
50,95542,32,327,0
68,145814,38,483,0
60,57701,39,724,0
54,132599,17,674,0
29,45939,8,340,1
20,69145,32,783,1
18,40324,31,559,1
50,42867,16,740,0
57,20203,18,383,0
27,36544,26,345,1
60,35899,5,739,0
61,49063,34,818,1
46,110880,36,737,0
30,23748,33,435,0
29,125022,19,482,0
48,137269,24,471,0
63,86629,3,838,0
19,100764,9,419,1
68,40884,9,580,1
67,45183,23,607,1
52,101570,20,576,0
40,91246,10,829,1
34,128036,26,594,1
43,39259,15,352,0
25,55959,25,731,0
46,136525,29,351,1
43,53457,15,371,1
27,105679,6,327,1
43,145829,15,768,1
51,148216,34,846,1
68,22103,15,700,0
58,85901,39,500,1
24,132314,11,765,1
21,64535,34,678,1
67,36103,20,476,1
62,118046,35,351,1
28,110012,16,378,1
46,98278,31,684,0
53,32391,5,307,0
42,122476,23,513,0
38,48901,26,324,1
53,140721,19,749,1
27,117537,24,756,0
54,101159,1,760,1
26,87914,8,497,1
41,70357,27,393,1
52,106908,37,736,0
66,130335,2,826,0
52,58437,19,677,0
65,55503,5,403,1
53,116282,38,338,0
35,113459,32,757,0
66,95403,0,663,0
56,61258,36,434,1
49,53724,5,673,0
41,84286,33,531,0
40,94842,14,338,1
49,124927,25,346,0
54,34908,13,335,1
29,112617,6,394,1
66,70626,30,660,0
30,57228,23,824,0
40,43386,30,445,0
42,66754,28,667,1
52,130942,31,364,0
58,48302,16,527,0
47,80815,13,819,0
34,141084,39,480,1
66,104748,35,800,1
37,83344,23,454,1
65,55618,26,834,0
42,131603,24,734,0
39,96234,31,398,1
30,81114,17,671,0
36,137652,17,661,0
66,90130,36,411,1
53,45525,25,752,1
29,99818,8,468,1
58,134589,34,438,0
36,34334,7,530,0
29,114715,19,538,0
26,82767,21,552,1
24,26644,18,735,1
45,121154,29,721,0
31,133237,27,602,1
48,52933,34,371,1
69,146366,10,562,0
36,63469,30,521,1
64,53687,38,376,0
33,126609,35,361,1
22,72656,29,770,0
52,37375,22,456,1
29,134019,18,424,0
42,140735,11,460,1
69,85206,14,840,1
38,116462,30,834,1
53,56607,36,405,1
40,103178,36,430,1
33,43993,14,656,0
56,64386,28,301,0
62,143394,25,532,0
59,66287,1,668,1
56,106724,19,550,0
31,118132,14,407,1
48,113308,3,575,1
22,116393,21,479,0
52,147314,37,592,0
40,96312,22,474,1
46,118371,25,422,1
60,95324,10,526,0
28,91196,27,743,0
35,90014,1,727,1
64,28210,7,382,1
29,30922,28,364,0
26,56289,10,580,1
27,149097,36,690,1
61,53340,17,727,0
34,59850,13,406,0
55,76984,9,847,1
24,123699,34,561,1
63,133711,8,458,0
30,104178,34,564,1
57,31094,10,767,0
59,107959,11,501,1
26,53418,2,454,0
67,25741,38,312,1
44,131585,13,596,1
19,92374,27,797,1
22,137275,10,544,0
46,142564,38,599,0
54,88798,24,661,0
55,136026,20,653,1
36,90532,9,820,1
25,130130,14,685,0
65,42164,18,611,0
62,55595,21,713,1
18,50257,20,577,1
39,34211,31,655,1
69,115989,22,824,1
34,25232,12,315,0
24,87753,4,344,0
42,72691,3,620,1
62,109765,27,625,1
21,99768,13,447,1
53,45613,7,654,0
23,34026,8,535,0
48,73535,34,404,1
36,114090,36,773,1
61,50908,20,695,1
56,72113,17,745,1
44,39610,32,519,1
27,66646,7,741,1
43,125141,16,327,0
36,83185,30,774,0
56,92567,33,604,0
20,67574,5,704,1
62,143978,21,812,1
30,145204,13,801,1
67,111051,2,647,0
45,122020,11,539,1
37,56182,35,636,0
45,136136,11,325,1
25,20570,1,708,1
58,117790,1,376,1
56,39288,14,516,0
18,98824,22,627,0
20,49877,28,322,0
30,104425,16,609,1
45,20917,31,566,0
66,95602,6,714,1
42,115040,29,566,1
50,84575,27,632,0
55,92518,13,749,0
23,142115,29,546,1
61,59104,16,335,1
62,38062,31,700,1
49,36999,5,327,1
62,81845,23,519,0
64,29941,5,705,0
38,81169,26,570,0
33,43470,17,810,1
38,149744,23,585,1
28,130684,36,753,1
54,79821,23,616,0
53,106669,37,596,1
52,138193,33,637,1
36,64435,39,606,0
37,24529,14,727,0
35,103055,10,650,1
64,32192,21,810,0
58,94102,23,824,1
66,92762,0,791,0
31,123466,17,308,1
32,134894,11,796,0
48,106795,27,739,0
18,54087,39,407,0
20,86677,6,544,0
33,24627,22,554,1
40,76541,20,332,1
28,132805,33,322,0
29,88226,10,348,1
27,125627,21,761,0
49,23255,34,635,0
33,77433,28,657,1
25,25213,27,421,1
55,122412,17,743,1
29,39404,13,658,1
41,136545,17,645,1
45,45380,27,492,1
25,111056,23,715,1
45,39173,7,676,0
53,148833,7,762,1
43,73027,3,445,0
25,43989,26,777,1
67,128106,35,707,1
45,44519,4,585,0
45,145803,32,410,0
54,42439,33,349,0
58,138570,29,313,0
53,96949,7,433,1
44,34995,38,642,1
34,43559,25,585,0
26,148028,36,613,0
50,130887,33,596,1
37,109049,6,463,1
30,25021,39,796,0
45,118000,27,315,1
65,41119,38,643,1
46,71539,38,377,0
30,114835,27,645,0
63,59350,13,371,0
52,66223,37,569,0
23,45517,3,586,1
35,98653,17,365,0
68,42250,24,367,1
22,104486,6,492,1
64,102895,37,354,1
42,109132,27,678,1
19,111066,4,467,0
27,86798,2,708,1
47,74199,30,807,0
67,143823,19,836,1
62,79546,18,401,0
22,148180,10,721,1
50,125686,39,777,1
18,108151,2,419,0
35,23327,22,590,0
49,140318,6,787,0
64,49768,22,460,0
66,84418,6,377,1
28,114386,33,337,1
38,136947,18,693,1
43,62788,8,740,1
42,135945,17,839,1
39,102384,24,761,0
44,66830,13,593,0
66,72446,24,699,1
30,125078,18,391,0
50,35160,38,305,1
51,76583,14,570,1
58,53998,15,398,0
52,47230,26,825,1
18,29076,39,493,0
38,89341,9,456,1
65,51085,3,414,0
23,75571,18,695,1
45,34715,27,821,1
34,148308,20,513,0
22,25750,13,832,1
48,133931,32,314,1
22,98768,9,718,0
55,138544,18,667,0
20,55903,29,512,0
40,92489,21,304,1
54,52093,2,530,0
54,111036,36,500,0
27,107954,17,701,0
27,139277,10,448,1
36,54314,1,791,0
34,68225,11,525,1
38,107985,5,468,1
31,103014,39,451,0
26,55179,28,523,1
63,137305,29,803,1
18,132417,1,849,1
68,45338,8,343,1
62,112435,1,803,1
30,89681,28,540,0
21,52101,32,650,0
18,22775,9,322,0
66,131497,33,342,1
57,117183,7,765,0
49,65619,36,339,1
51,65838,32,602,1
45,141316,5,474,1
48,39539,39,831,1
25,122274,18,760,0
56,77124,31,492,1
43,85149,26,543,0
51,46616,0,579,0
20,99655,32,335,1
67,110695,39,839,0
29,74567,31,453,0
18,57099,4,322,0
61,95831,16,390,1
22,120246,7,689,1
47,81799,33,658,1
47,140714,8,849,0
34,110221,22,527,0
65,134879,34,501,1
64,45479,6,649,1
40,66172,14,337,0
32,119165,19,799,1
54,75863,24,342,1
38,62043,2,816,0
31,102569,23,367,0
19,122438,33,422,1
28,130107,21,635,1
68,35408,10,452,1
56,142275,7,461,1
55,77980,38,513,0
51,102956,34,675,1
55,36351,37,742,1
67,24131,7,722,0
51,136836,36,837,0
35,64825,26,529,0
47,31349,27,358,0
32,80931,39,395,0
44,64254,33,561,0
68,58225,31,653,0
51,124383,14,611,1
69,32453,16,435,1
55,38814,32,772,0
50,38263,15,729,1
41,97694,28,836,1
32,35735,8,445,0
47,35830,32,823,0
59,67893,28,386,0
68,64673,12,408,0
34,147006,20,722,0
22,109462,20,644,1
46,65066,4,565,1
21,120315,9,793,0
27,23373,5,632,0
34,30335,12,712,1
27,43741,0,490,1
34,30692,19,441,1
37,67295,7,372,0
41,65541,9,466,0
22,54057,8,467,1
51,86983,2,558,0
23,39583,10,738,1
19,42765,11,410,0
30,79287,9,830,0
60,43906,24,589,1
60,140747,24,809,1
65,105103,10,474,0
28,99675,35,601,1
68,66525,38,484,0
64,58230,25,638,1
40,137904,13,809,1
33,39520,38,609,0
48,105238,39,806,0
28,71934,0,645,0
33,45566,3,380,1
25,93193,29,673,1
21,123224,11,455,0
57,50134,34,731,1
21,30345,12,799,0
42,141012,30,446,0
20,141015,37,780,0
49,61185,22,734,0
20,135464,3,818,0
44,112949,15,368,1
46,90744,6,485,1
49,53455,21,503,0
67,135217,28,312,1
68,48018,10,573,0
36,74219,32,597,1
38,65991,28,350,1
22,93616,38,799,0
35,107438,11,668,1
45,136841,6,656,0
59,29486,38,302,1
39,58862,25,553,0
38,141662,39,774,0
23,78870,8,805,0
18,106694,33,555,0
22,125996,12,449,0
58,63856,35,787,0
29,121407,24,578,1
43,120744,23,358,0
63,106055,16,745,1
51,51379,1,412,0
66,84729,12,788,1
31,48378,30,706,0
43,125428,28,666,0
62,74353,27,359,1
44,69996,26,628,0
26,34031,14,768,0
43,100072,30,362,0
64,85982,39,483,0
39,56683,14,610,1
64,134091,32,837,0
47,137797,19,476,1
60,37618,11,728,0
65,26587,36,372,0
34,82790,8,466,0
43,51480,22,524,0
53,118530,7,308,1
18,40527,31,535,0
25,43569,13,327,0
66,31151,26,326,0
52,91094,24,849,1
69,79174,12,495,1
32,64739,20,502,1
64,52954,30,384,1
39,132984,36,329,0
31,132863,4,765,0
43,129373,12,398,1
45,55303,27,489,0
40,54700,24,311,0
31,113036,34,329,1
41,143728,38,337,0
19,87568,6,593,1
62,86788,37,659,1
43,91045,31,479,1
31,57842,2,411,1
68,33900,38,743,1
24,147992,36,320,1
20,100059,21,444,0
64,21881,7,798,0
40,53037,16,445,0
63,21630,26,740,1
60,40789,32,720,1
64,146083,16,615,1
62,108059,11,465,0
35,103494,26,502,0
55,66151,7,795,1
52,68920,22,767,1
68,129388,28,684,1
32,87231,19,613,1
42,137946,15,554,1
54,100357,16,322,0
45,23262,15,638,1
27,86981,18,792,1
56,140951,7,810,1
34,143099,37,665,1
56,101972,37,671,0
39,95485,28,518,1
43,74722,35,774,1
61,109499,25,722,1
42,70818,30,655,0
34,49932,11,759,1
30,26901,16,802,0
37,137473,14,326,1
42,119023,8,522,1
21,28597,38,447,1
27,149631,11,723,1
20,83909,31,650,1
58,92391,24,485,1
62,104214,38,714,1
35,28263,17,728,1
64,83293,14,340,1
53,132824,31,692,0
64,144933,5,378,0
39,45805,34,843,0
51,111679,33,749,0
64,31874,37,773,1
25,113065,4,441,1
57,106402,17,550,0
66,34079,15,593,0
61,69850,7,435,0
36,92779,24,783,0
59,115408,31,611,1
58,29018,25,345,0
54,140606,21,535,1
23,69500,30,347,1
69,140062,9,497,1
43,32100,11,383,0
51,77021,27,842,0
62,134995,5,460,1
23,39800,19,727,0
54,148126,4,370,0
50,83400,22,819,1
39,112446,8,351,1
38,49437,28,344,0
23,123124,15,592,1
23,96537,21,764,0
65,66675,7,849,0
21,39942,19,679,1
47,40862,13,777,1
28,31669,38,561,0
47,141219,36,478,1
48,73772,33,656,0
41,35916,10,718,1
26,30878,39,500,0
20,22985,32,312,1
68,117905,30,742,0
48,93648,33,585,0
57,61235,6,557,1
54,38931,22,847,0
53,112876,6,789,0
41,20336,24,797,0
48,62933,2,632,0
23,104899,37,331,0
19,65536,19,342,1
37,89504,33,650,0
45,119214,29,633,0
28,71148,16,569,0
21,133936,9,712,1
32,36279,34,318,1
23,88665,19,646,0
66,123751,17,336,0
47,124433,26,391,1
55,91386,35,484,1
68,106124,22,327,0
19,125750,31,847,1
32,97485,9,671,0
28,94055,10,829,0
25,111911,37,644,0
43,118618,5,718,1
68,97273,33,495,0
62,86670,35,377,0
61,96474,36,466,1
22,74028,16,389,0
23,110022,39,563,0
43,133892,39,771,0
21,111632,11,507,1
36,126651,20,570,1
37,91128,39,562,0
50,38108,18,805,1
37,72495,2,811,0
66,102806,17,823,0
29,113185,18,611,1
64,96533,5,473,1
18,119025,15,730,0
43,76830,7,762,1
31,94640,17,400,1
55,72509,38,315,1
54,86406,11,557,0
28,114220,9,543,0
53,59519,6,647,1
30,69649,0,548,0
60,54524,35,404,0
20,116493,20,586,1
50,53885,36,468,0
23,64369,23,719,1
67,121132,24,346,0
27,115402,6,342,0
22,50676,16,620,1
40,84093,28,520,0
27,67764,29,812,1
61,70799,6,740,0
19,99414,32,443,0
30,125296,6,327,0
57,113095,23,466,1
19,132082,10,548,0
37,92307,8,656,0
18,102062,11,410,1
54,115432,34,533,1
26,51923,3,323,0
34,137449,35,325,1
26,121739,27,680,1
28,124926,12,645,1
32,98388,22,677,1
41,67574,18,821,0
55,63391,36,316,1
52,148691,38,544,0
47,141757,23,838,0
48,73664,15,501,0
66,87384,32,547,1
22,51027,11,417,1
61,55464,33,308,0
67,54485,6,322,0
31,148366,10,539,1
28,39456,30,326,1
26,94795,28,380,0
51,55554,12,498,1
29,66922,30,391,1
52,33409,1,383,0
52,89327,38,599,1
18,111400,14,595,1
57,56639,10,753,0
39,120110,33,580,1
46,83627,38,358,0
25,103424,3,641,1
28,39692,10,764,0
58,109037,28,641,1
54,98840,1,361,0
31,74200,15,728,1
47,113063,38,555,1
52,77415,12,646,1
38,38074,36,825,0
54,35549,16,603,1
22,49963,20,544,0
36,111456,18,711,1
31,116362,6,516,1
43,121607,37,815,1
21,72265,7,773,1
42,36061,12,335,1
62,78226,36,477,1
59,48810,1,686,0
42,80006,10,316,0
35,142538,23,347,1
57,133502,5,361,1
25,42800,25,368,1
56,136192,6,665,1
57,128959,38,461,1
31,145433,18,787,0
49,127228,5,730,1
68,95476,28,788,1
55,89460,38,529,0
50,77767,1,669,0
40,48054,18,477,0
32,95319,3,709,1
50,122789,5,569,1
42,65397,36,505,1
34,33233,27,381,1
50,131205,29,492,1
64,110020,6,488,0
19,45068,8,575,1
31,85727,24,373,1
57,110610,32,309,1
57,90453,0,515,0
68,124135,5,589,1
56,45832,17,744,1
68,128464,9,492,1
23,106242,27,588,1
23,33682,10,443,0
20,112298,32,688,0
24,43383,0,706,0
68,78160,12,669,1
25,113332,36,740,0
59,43666,19,828,0
69,78817,0,312,1
32,111198,2,639,1
64,130695,17,611,0
46,54642,13,403,0
50,61830,30,638,0
69,123067,26,497,0
47,30234,16,599,1
56,77616,28,743,1
44,29221,35,658,0
53,31410,36,667,0
46,100055,25,468,0
55,81413,16,448,1
50,21051,21,341,1
54,130529,24,501,1
44,95301,1,543,0
50,96918,21,763,1
21,98116,4,748,0
39,142226,3,736,0
19,76563,35,830,1
27,117859,5,572,0
22,64757,20,729,1
27,146169,12,512,1
50,141008,36,403,0
55,97475,24,491,0
30,71257,25,679,1
48,115500,38,380,1
64,20307,19,848,1
53,76889,32,676,1
62,88895,13,453,1
41,115184,35,539,1
69,55944,16,673,1
32,119555,20,503,0
46,58134,15,649,1
25,47323,15,442,0
22,136205,19,488,0
46,91762,28,571,1
64,107225,27,831,1
21,116507,7,599,1
29,45954,23,725,1
62,75021,2,345,1
19,109959,24,394,0
44,115927,18,363,0
48,99866,32,712,1
68,90427,1,308,1
68,24992,14,758,1
53,21961,21,708,1
53,32497,9,769,0
43,137551,17,805,0
60,52551,21,372,0
44,96384,26,383,1
22,145374,12,358,1
37,75755,32,320,1
28,33255,4,757,0
27,24567,25,456,0
57,68847,12,628,0
55,124817,26,502,1
23,68003,13,405,0
25,40389,23,421,1
40,64523,2,617,0
64,143802,29,481,1
43,81576,34,615,1
63,147342,13,705,1
60,63919,11,369,1
29,102103,27,459,0
43,142443,28,539,0
30,23358,16,822,0
57,108535,39,437,1
35,127894,20,794,0
42,141485,22,546,1
50,96524,19,842,0
64,143416,10,823,0
57,125982,33,542,1
60,117057,9,635,1
29,25698,9,721,1
61,86809,5,493,0
53,113079,35,607,1
65,75805,23,805,0
21,51349,11,580,0
22,96777,22,738,0
54,70248,26,782,1
25,95033,36,522,0
59,127411,5,416,1
66,118239,0,491,1
45,64041,5,815,0
48,51954,21,829,0
26,28002,23,606,0
68,89783,24,831,0
46,127524,14,421,1
31,107234,25,453,1
57,144857,7,836,1
58,39738,23,751,1
39,30703,37,468,1
28,133776,5,358,1
40,69422,34,600,1
18,103106,0,849,1
63,81899,35,416,1
54,32392,11,426,0
38,64724,37,704,0
43,52299,10,698,1
63,35641,11,814,1
53,99534,38,797,0
40,26305,6,827,0
18,118262,10,697,0
68,38782,35,564,1
57,98257,30,562,0
32,125299,32,697,0
38,97963,12,826,0
64,132086,17,735,0
26,141987,23,659,0
26,40566,8,428,1
27,144591,30,540,0
69,87766,9,521,1
43,26511,1,513,0
58,134816,37,434,0
52,127765,14,685,0
69,138360,2,602,0
42,46177,30,586,0
43,24765,5,488,1
28,40354,2,596,1
55,43929,10,825,1
19,48820,14,688,1
24,131576,27,758,1
35,49523,9,560,1
44,91088,37,412,1
51,86163,6,335,0
44,97525,14,378,1
34,33780,17,574,0
60,26589,17,577,0
61,54812,23,611,1
68,113664,1,828,0
41,65939,39,503,0
42,71493,19,316,1
24,124188,33,775,0
69,113326,25,810,1
23,60953,6,509,0
41,85785,37,798,1
50,39309,29,701,0
66,74195,4,728,1
46,135662,10,377,0
60,45901,0,379,1
39,43576,33,605,0
43,51508,0,357,0
45,94711,18,829,1
67,45464,1,507,0
38,80281,20,810,1
66,36260,19,434,0
24,144997,22,821,0
34,55440,20,382,1
37,115082,23,343,0
58,125583,3,782,1
66,76683,11,792,0
37,144206,21,798,0
39,61430,19,317,0
45,21987,17,593,0
57,134778,0,447,1
66,45105,29,771,1
24,98484,32,471,0
18,138747,23,830,0
49,33026,13,419,1
30,88309,35,365,0
47,65927,4,440,1
40,95414,10,745,0
68,77535,23,805,0
36,62946,30,488,1
49,146503,12,457,0
47,76561,15,545,1
46,30377,23,332,1
66,73592,12,660,1
62,27347,23,629,1
46,53776,25,811,1
47,23783,1,370,1
33,75798,15,612,0
57,24298,37,378,1
36,90204,0,468,1
35,106207,10,479,0
18,120356,34,559,1
31,75161,28,785,0
68,80652,36,304,1
64,54484,16,596,1
67,118614,38,659,1
19,149572,27,416,0
45,132695,28,656,0
66,40922,2,738,1
67,54028,9,630,1
47,131461,13,824,0
55,40316,11,487,0
68,96996,29,580,0
21,36968,31,810,1
18,50266,31,765,0
25,145679,31,414,0
46,115745,25,535,0
56,44000,0,637,0
20,143239,1,821,0
49,34011,16,498,0
27,22866,29,349,0
27,132669,38,441,1
36,25898,6,827,0
63,38395,26,813,1
51,59019,8,329,1
50,123243,21,381,0
40,24006,33,330,1
45,54393,0,632,1
49,30956,8,476,0
67,70042,19,669,1
24,116199,18,846,0
46,26078,35,834,0
25,49631,39,405,0
18,115676,3,396,0
20,141724,8,529,0
41,82901,21,526,0
40,127227,17,670,0
25,89497,11,399,1
64,114813,38,744,0
54,137192,8,767,1
20,61574,5,354,0
68,138494,18,494,0
50,51417,6,819,0
45,108020,15,723,1
64,103639,4,614,1
25,85006,15,427,1
51,114881,0,331,1
52,131862,36,392,1
49,59454,38,818,1
41,21587,18,557,0
31,141688,36,519,0
49,128107,16,405,1
63,135584,25,847,1
60,74710,21,715,1
33,143157,7,608,1
21,106567,32,665,1
69,111748,1,820,0
54,95886,29,758,0
38,38816,19,669,0
31,105824,17,630,0
48,49432,9,310,0
65,129758,23,806,0
35,68617,3,718,0
24,92373,36,421,0
27,54217,3,534,1
24,40884,12,630,1
50,25454,24,842,0
40,94960,12,647,0
38,122421,17,711,0
36,127173,23,523,1
65,63618,1,452,1
36,103948,32,511,0
53,82671,18,391,1
46,67111,8,630,0
35,59613,27,766,0
19,105678,34,527,0
18,140592,38,493,0
64,122928,9,829,0
22,144917,0,542,1
37,79993,20,688,0
28,148652,8,575,0
59,28848,14,749,0
19,134853,34,777,0
20,98672,4,779,1
40,139279,21,587,0
29,86125,22,839,0
37,106444,6,629,1
22,137509,22,769,0
54,81602,24,833,0
55,92045,26,766,0
47,125997,5,719,0
26,62222,33,421,1
51,69223,8,607,0
61,130012,32,633,0
52,131246,5,719,1
69,85333,36,625,0
39,72732,30,549,0
61,142650,33,394,1
41,69420,28,595,0
34,95504,13,483,1
27,22462,35,559,0
47,29460,35,485,1
63,119319,14,708,0
40,145602,7,368,0
49,29275,25,307,1
34,114213,35,564,0
67,33269,20,783,1
68,149593,27,670,1
34,142672,3,382,1
31,85942,15,510,1
26,92920,21,612,0
57,140737,11,636,1
19,42553,15,789,0
62,44366,39,702,0
42,64036,37,490,1
56,37369,36,634,1
26,31795,28,821,0
39,90021,17,386,1
60,127205,9,361,0
63,88154,38,686,1
21,50143,17,445,0
43,49425,0,452,0
46,108209,38,648,1
62,95139,20,477,0
51,125232,0,786,0
40,25368,14,546,1
54,24621,3,553,1
28,78829,19,799,1
23,149036,9,840,1
35,80294,22,651,1
38,34719,33,811,0
59,49227,32,312,0
53,129430,33,450,1
58,27566,38,349,0
55,32306,9,514,0
51,73822,19,671,0
34,44042,0,412,0
54,35086,12,551,0
42,37387,0,640,1
55,47042,4,352,1
29,109424,15,429,0
40,71618,14,492,0
59,112050,27,356,1
39,38323,30,396,1
38,38019,22,497,1
44,95426,16,446,1
48,60863,33,594,0
23,140953,12,311,1
44,131023,13,632,1
57,30283,10,519,0
51,38279,27,697,1
29,66999,31,641,1
62,82780,34,811,1
24,42908,30,471,1
27,81584,16,767,1
62,146278,8,465,0
34,133002,9,469,0
43,70225,7,811,0
38,57952,20,488,0
45,120706,12,419,0
63,57663,4,404,1
19,142019,5,340,1
60,129708,29,620,1
18,81381,30,634,1
68,67929,16,459,1
53,29343,10,563,1
68,96173,19,829,1
43,120260,8,776,1
46,59791,1,651,1
38,49134,36,844,1
28,132366,0,509,1
57,67101,3,795,1
28,89443,35,681,1
53,119111,24,780,0
66,77530,2,304,1
56,66799,8,333,0
57,24827,21,444,1
52,116143,22,650,1
51,82653,11,764,1
64,33699,9,647,0
41,122828,33,424,0
39,133497,9,570,1
22,111419,29,656,1
50,134527,21,826,1
53,136972,5,797,1
64,25313,1,452,0
37,33598,29,352,0
36,131362,1,448,1
52,135445,31,802,0
69,48807,15,749,0
60,90423,11,518,1
34,89390,0,576,1
62,65226,7,751,1
60,79550,12,727,0
51,100072,14,382,1
26,23558,7,517,0
43,95308,9,826,1
19,70113,4,703,1
26,72999,18,589,0
26,75878,37,719,0
57,56343,10,638,0
34,78219,19,718,0
18,55186,19,506,0
42,56966,20,564,0
60,53769,17,335,1
57,139932,9,672,0
59,146264,33,787,0
42,125423,25,558,1
56,73218,29,830,0
52,39229,8,322,0
20,95209,30,403,1
67,47877,3,540,1
54,78001,5,552,1
61,117137,13,441,0
61,58084,3,750,1
68,101780,25,606,0
47,112892,38,799,1
55,36806,16,307,0
51,108635,18,368,1
29,130177,5,367,1
36,57034,28,707,1
54,60317,10,817,0
61,75468,15,418,0
66,39094,29,330,1
34,77796,24,817,1
27,30589,39,782,1
66,77221,10,506,1
64,144855,6,686,0
29,21657,25,711,1
33,118300,21,669,1
41,137229,24,652,0
36,59531,18,635,0
25,72227,30,588,1
48,23164,25,439,1
38,113078,35,599,0
34,103973,22,312,0
40,61247,12,727,1
54,124041,24,699,0
33,39601,1,408,0
23,113966,1,784,1
25,70599,15,655,1
42,91545,8,448,0
35,135295,27,606,1
42,24552,12,832,1
29,136452,34,359,1
32,29417,12,734,1
43,78579,30,320,1
58,127525,20,681,0
62,88207,31,544,0
43,92055,33,372,1
64,122266,7,748,1
49,98270,1,375,1
27,131426,37,689,0
33,137865,31,641,0
24,23722,39,589,0
34,90442,27,630,0
40,115632,36,558,1
43,60031,0,725,1
38,99235,9,305,0
39,41438,3,305,0
24,78819,34,490,1
31,63856,9,447,1
32,53576,10,704,1
24,61938,13,557,1
26,69028,37,778,1
68,79807,11,389,0
65,69877,16,309,1
25,117783,15,386,0
67,63461,34,450,0
40,113474,1,329,1
46,60469,10,427,0
35,103136,2,377,0
48,40435,28,720,1
47,104117,17,354,0
69,34191,19,779,1
56,104726,13,604,1
52,143658,33,845,0
35,135660,30,404,1
59,47386,39,471,1
56,51721,17,798,0
34,74786,29,321,1
31,33704,24,586,0
48,76635,18,690,0
41,22123,7,448,1
52,110710,27,571,0
61,129837,7,598,1
62,134912,30,471,0
51,82993,2,346,1
20,132752,2,506,1
54,100122,21,752,0
60,117512,16,694,0
57,45416,35,600,1
43,21814,16,475,1
40,98537,13,409,0
61,70258,8,501,1
56,36508,29,467,1
32,105166,20,385,0
66,98916,11,350,0
21,133710,36,411,1
46,55699,31,762,0
39,66335,10,741,0
42,66806,19,570,1
30,97853,34,643,0
35,83768,10,482,0
50,55739,7,802,1
33,54785,3,309,0
62,51980,26,793,1
59,109335,39,533,0
61,120719,37,597,0
19,114702,29,543,1
52,105016,26,808,0
59,21609,20,650,0
51,86253,19,566,0
47,105481,3,500,0
30,111128,10,538,0
30,48141,12,633,0
35,50009,8,714,1
49,147581,3,783,0
49,130966,11,736,0
52,26782,8,545,1
56,112072,12,307,1
63,119352,25,451,1
69,45933,37,691,0
46,97154,12,510,1
66,28307,38,666,1
46,112207,27,385,0
61,126209,18,354,1
33,128297,23,745,0
61,95874,18,603,0
64,58346,12,431,0
27,132138,12,720,0
47,70772,27,684,0
42,92084,1,497,1
56,60149,9,346,0
37,106700,21,502,1
22,47526,12,560,0
18,116758,8,323,1
47,105712,32,639,0
66,148447,13,711,0
20,88477,19,560,0
62,25695,14,585,1
31,59169,31,812,1
47,67947,32,385,1
67,67224,16,729,0
21,65865,23,330,0
35,45553,29,739,1
54,124501,12,648,0
42,80410,15,711,1
65,123754,1,827,0
18,110895,16,609,1
63,44816,31,695,1
32,75026,7,637,0
26,70705,2,736,1
32,81922,11,664,0
66,135700,19,412,0
41,93914,15,475,0
21,21881,13,448,1
29,59567,15,477,1
54,67365,32,681,1
54,147928,29,522,0
60,99211,11,558,0
23,90122,14,488,1
56,45006,17,605,0
63,61198,27,677,0
41,42831,22,642,1
28,120649,13,455,1
30,36459,29,354,0
51,52443,32,741,0
42,62316,14,499,1
24,116131,6,702,1
69,84486,14,476,0
21,25877,37,748,0
25,59553,10,840,0
37,134137,28,600,1
46,24922,30,606,0
68,142778,24,566,0
62,137018,23,513,0
63,24686,18,782,0
27,52766,1,561,0
60,99943,21,366,0
51,52006,19,432,1
43,51422,32,839,1
58,136590,7,811,1
66,148886,24,510,0
20,32205,8,552,1
23,106590,33,337,0
22,43527,22,342,0
22,131483,4,704,0
64,38443,24,345,0
40,36524,7,753,0
66,136477,15,604,1
26,48202,14,532,1
52,85552,0,544,1
37,66142,21,594,0
66,81692,2,682,1
59,102384,37,457,0
52,40855,13,704,1
67,103747,35,300,1
35,80372,17,516,1
34,45095,17,806,1
41,58724,2,329,1
20,69241,9,819,1
49,123119,38,574,0
52,72003,0,791,0
55,88379,26,335,0
30,114837,26,610,0
64,111996,10,343,0
42,117454,4,454,1
26,114283,6,376,0
21,35972,18,737,0
31,143805,28,731,0
54,113846,14,841,0
51,42927,34,338,0
28,140589,36,538,0
58,135657,11,312,0
20,86630,29,421,0
45,124428,19,443,0
46,142035,36,754,1
26,72347,2,667,0
20,119708,8,546,0
42,146244,38,344,1
51,108860,25,674,1
29,106210,1,590,0
59,89518,22,506,0
26,65283,22,818,0
32,101326,20,541,1
57,32205,15,413,0
42,140243,8,601,1
22,109874,12,575,1
28,32748,27,395,1
51,41097,26,593,1
41,23092,16,659,1
32,73311,37,587,0
55,42692,35,453,0
25,144954,0,722,1
22,43862,17,349,1
65,110396,8,506,1
43,99507,12,512,1
35,100152,39,365,0
23,90469,14,531,1
54,24926,3,619,1
65,111299,32,436,0
30,23969,23,364,0
45,55733,35,813,0
22,89855,9,431,0
30,61743,35,633,1
34,59876,19,331,1
67,127445,10,797,1
57,40323,11,542,1
62,36428,17,491,1
49,54578,29,441,1
46,106486,36,490,1
68,128577,19,448,1
20,84140,24,715,1
57,146378,11,819,0
51,127325,20,315,1
57,103829,24,405,0
44,26364,10,582,0
30,148867,8,403,0
62,55349,24,660,0
50,20691,34,334,1
23,146899,31,412,0
41,115598,13,607,0
36,86467,0,352,1
33,65896,16,380,0
57,77062,24,668,1
45,117266,7,541,1
50,99762,4,330,1
65,33861,4,660,1
58,116837,34,532,0
30,133779,18,333,1
60,108302,22,542,0
62,121710,8,358,0
42,83928,29,828,1
59,126643,15,377,0
53,135720,32,601,1
44,103231,1,411,0
55,61347,13,712,0
24,23121,0,616,0
22,103793,25,444,0
60,48164,24,317,1
62,45491,15,650,1
68,79222,14,454,0
48,43165,25,805,0
40,134250,15,659,0
59,23748,13,631,0
27,118581,28,827,1
49,46553,23,311,0
60,136547,14,374,0
47,80380,18,511,0
56,64331,7,582,1
48,116033,33,494,0
35,116844,1,329,1
53,140617,26,308,1
19,59560,9,608,0
31,73865,34,744,0
30,66686,22,609,0
46,95910,7,725,1
29,24675,27,390,1
56,86706,22,755,0
19,126985,3,743,1
49,129021,13,378,0
30,144062,28,774,0
63,147359,0,402,0
44,97986,3,755,0
66,96216,31,613,0
58,30068,32,546,0
34,74460,25,533,1
57,120766,16,534,1
48,66418,38,686,1
51,46206,22,337,0
41,148180,31,460,0
62,20287,14,761,0
52,42337,12,748,1
65,40666,1,416,0
23,136595,18,540,1
36,21161,23,325,0
47,134817,23,597,1
24,141025,10,453,0
27,120667,21,767,0
58,110071,14,348,1
49,118064,9,345,1
51,58751,26,584,1
45,102063,8,381,0
32,126511,27,343,1
47,109389,0,572,1
54,34758,16,693,0
46,85780,30,357,0
39,135614,9,300,1
21,23178,36,515,0
37,51831,28,616,1
49,22176,17,527,1
53,123306,37,772,1
67,53654,38,783,0
21,143220,5,586,1
44,46627,39,810,1
34,72550,11,757,0
29,132025,13,394,1
39,64910,9,792,1
34,110417,19,449,1
27,78251,14,322,0
18,55422,30,514,1
39,31984,6,698,0
43,109312,9,709,0
35,81386,9,430,1
67,103291,38,447,1
31,27135,27,680,0
64,20320,29,408,1
46,122958,36,420,1
29,114171,2,594,0
53,41684,14,419,1
52,75913,20,755,1
69,108774,36,829,0
29,41889,11,468,1
24,115849,3,442,0
46,118071,8,336,0
28,68899,38,560,1
50,144011,27,530,0
23,30770,22,553,1
64,59321,39,628,1
32,105962,21,596,0
49,129863,23,309,0
68,61777,25,745,0
28,66250,29,529,0
40,93034,32,835,0
43,124940,15,377,0
51,60130,21,724,1
63,101931,17,492,1
51,69346,6,700,0
46,22537,25,408,1
21,104762,7,562,0
34,35216,5,628,0
52,104149,29,662,1
30,23009,38,677,1
58,109904,22,640,0
56,49327,31,558,0
32,34209,21,634,0
46,68443,8,384,1
46,35029,30,821,0
28,87613,6,607,0
69,99443,8,561,1
49,76997,12,751,1
19,122171,2,550,1
64,134456,34,623,0
31,82559,32,528,0
37,84892,20,596,1
39,90409,30,536,0
28,28635,33,516,0
44,53065,31,545,1
20,131399,34,747,1
34,140544,14,618,0
61,127340,31,731,1
45,53783,5,703,1
46,54152,20,336,0
38,78741,32,641,0
64,127049,31,688,0
33,71502,18,333,0
54,49092,32,338,0
37,37653,27,508,0
23,117999,30,451,1
36,119564,20,664,1
22,60469,33,498,1
20,143064,14,378,0
18,106483,13,776,0
55,141585,18,733,0
32,79754,14,331,0
51,49978,5,386,0
52,107592,8,692,1
66,114543,36,543,0
42,63169,19,531,1
41,68287,33,491,0
29,74745,37,839,1
35,130168,25,569,1
32,133985,17,376,1
61,140843,27,466,1
33,25543,8,583,1
44,76392,31,388,1
25,41067,5,843,1
63,71033,13,455,0
42,65256,27,549,0
34,110633,23,394,1
46,128383,12,316,0
25,129048,11,416,0
32,89345,18,632,1
44,42191,20,821,0
63,106803,26,379,1
67,92742,18,731,0
69,138843,23,502,1
24,106593,25,415,0
20,48992,27,519,1
46,132050,17,552,0
61,101531,35,468,0
41,68803,28,615,0
20,129975,16,671,1
37,83477,3,455,1
63,33210,28,312,0
32,103329,3,807,0
42,46270,9,764,1
47,82008,24,519,0
31,25197,30,314,0
24,133857,2,416,1
34,27452,1,630,1
61,61486,24,355,0
37,34859,5,650,1
53,47236,25,431,0
26,51899,7,525,0
55,52083,34,607,1
65,87708,26,774,0
39,131462,24,521,1
19,36663,17,472,1
41,113076,0,639,0
25,138665,38,805,1
28,39053,2,456,0
30,31085,3,450,1
34,50564,36,477,0
25,109745,14,832,1
38,79095,7,411,0
35,89517,37,437,0
47,41153,18,532,1
35,25247,25,631,0
63,30553,38,841,0
64,40811,9,606,0
48,115381,37,460,0
55,26135,13,701,0
49,25573,18,577,0
28,138819,29,619,1
62,144588,4,832,1
42,99267,30,796,1
50,27189,6,662,1
55,100077,18,671,0
58,63646,30,335,0
25,96623,38,602,1
28,131971,23,737,0
39,73687,33,331,1
68,88312,22,485,0
41,127615,39,473,0
58,47564,5,549,1
34,48835,37,578,0
29,81587,35,301,1
63,27697,26,493,1
49,100165,10,465,1
32,93922,4,409,0
33,37046,16,679,0
39,77823,6,584,1
45,93580,26,720,0
37,73370,14,412,1
50,29615,12,527,1
27,133338,10,770,0
57,25060,25,827,1
49,96436,21,795,0
67,80519,27,330,0
50,140562,23,461,0
19,91117,28,677,1
50,81158,8,745,1
50,54782,3,726,0
58,105709,17,803,0
30,98533,15,826,1
47,128939,32,831,0
50,78255,28,819,0
30,131952,38,333,1
69,92684,9,789,1
43,76918,8,722,1
39,146093,30,767,0
56,104284,27,323,1
19,99558,2,515,1
55,105549,13,354,1
56,124223,24,325,1
43,101422,14,580,1
63,140363,1,626,1
67,146352,23,485,1
32,45256,13,794,0
51,50005,6,311,1
59,26638,35,733,0
61,57419,23,507,0
66,53377,26,432,1
57,126244,36,638,0
28,63116,37,495,1
20,56634,29,561,0
23,102291,26,581,1
26,43382,38,668,0
23,135303,14,402,1
26,76063,25,482,1
56,42394,0,722,0
48,87789,3,308,0
49,123246,28,543,1
58,130634,0,692,0
67,20864,21,826,1
29,119572,10,336,0
25,60222,9,477,1
25,33666,16,371,0
67,143664,35,651,1
45,40955,25,448,0
37,130674,20,404,1
64,123533,12,520,0
24,101845,8,673,1
28,136925,10,817,0
37,89590,10,559,0
33,147775,5,598,1
21,86471,0,341,0
23,130476,5,791,0
39,108314,12,738,1
43,142579,21,346,1
20,63298,30,384,1
58,83108,21,357,1
59,133864,36,508,0
31,68924,26,547,0
28,36709,13,510,0
35,29726,4,338,1
29,80824,35,551,0
40,60542,31,712,0
29,40245,33,745,1
30,54753,6,351,0
42,99788,9,673,0
62,41316,16,825,1
68,122907,29,455,0
36,104698,20,841,1
63,35960,12,389,1
53,50791,0,650,0
62,127766,0,368,0
25,45216,32,462,0
46,52467,37,541,1
49,84427,24,794,1
68,132470,25,682,0
61,82047,12,351,0
35,93290,27,362,1
23,67014,32,808,0
35,24078,36,591,0
36,98389,29,390,1
39,70519,7,723,0
54,24042,0,664,0
49,69052,11,449,0
58,34389,4,570,0
20,115961,23,415,1
45,88111,5,815,1
27,125058,24,540,1
68,113715,0,329,1
52,70733,24,442,0
46,54754,0,625,0
32,38624,31,315,0
50,105886,2,410,0
24,46681,18,406,1
29,109524,28,678,0
66,101006,1,461,0
47,44704,8,582,1
38,124272,16,568,1
48,114913,35,783,1
41,114108,16,372,0
37,143731,11,496,1
54,27493,19,542,0
21,89639,2,558,0
45,120380,3,448,1
61,74383,16,689,1
37,22994,36,715,1
41,89280,14,725,0
67,67234,32,516,0
66,67291,15,385,0
68,148674,10,515,1
49,112868,19,722,0
58,25594,37,619,0
53,125835,23,417,0
51,27371,15,714,0
53,67315,29,339,1
19,103564,33,460,0
32,147251,0,836,1
51,121448,23,719,1
53,99526,23,394,0
23,132387,8,741,0
56,36626,21,765,1
59,106005,11,587,0
68,126258,16,711,1
68,125573,24,699,0
29,27130,27,827,0
20,26828,14,317,1
62,77514,29,435,0
35,127148,26,763,1
57,132524,21,547,1
38,124635,9,300,0
32,72664,30,680,1
50,131701,26,808,0
52,37883,11,759,0
43,63059,30,804,0
25,104078,31,775,1
53,62932,31,331,0
65,149900,34,417,0
47,81269,20,483,1
40,139850,9,490,1
59,95986,15,373,1
61,105959,6,402,1
31,22035,3,719,0
31,129767,26,772,0
19,60745,24,413,0
54,37241,30,678,0
22,72975,10,612,1
55,43154,19,629,1
62,45625,35,638,0
58,64950,16,537,1
64,118602,10,472,1
31,76396,29,378,1
56,119227,34,763,1
42,138920,37,800,1
37,33331,21,584,0
19,83927,26,522,0
56,106226,36,565,1
23,104719,34,672,1
34,83014,3,532,0
42,59346,15,535,0
45,90411,15,613,1
19,74478,20,679,1
52,32254,25,719,1
54,75734,35,351,0
22,48621,18,808,1
18,136490,16,504,1
57,96441,25,556,1
29,66121,21,484,1
53,147386,27,444,1
62,101418,0,313,1
40,80197,35,545,1
64,104577,36,486,1
48,114634,1,636,0
28,138034,16,558,0
27,62431,39,339,0
20,137637,37,717,1
31,119245,20,650,0
33,120211,8,308,0
27,24837,12,649,0
46,131984,10,383,0
27,110025,15,832,0
29,103163,15,657,1
47,91232,1,677,0
58,68994,7,471,1
18,99079,12,324,1
22,32615,16,692,0
37,21466,38,402,1
25,50771,23,535,0
60,138645,2,709,1
29,103886,29,848,1
18,85911,12,631,0
37,118566,18,831,1
45,40746,6,328,1
60,108422,8,842,1
54,129884,18,318,1
64,80739,39,447,1
54,128440,21,770,1
29,118187,17,790,1
54,93369,22,582,1
66,21893,1,412,0
66,50573,10,754,1
61,116907,30,629,0
45,60874,32,554,0
64,97362,13,698,1
32,119956,15,807,1
23,107460,10,765,0
61,147021,32,706,0
37,138580,6,397,0
67,53367,30,589,1
31,41199,13,455,1
19,136600,27,461,1
26,111404,15,396,0
54,94328,18,676,1
37,77724,16,749,1
43,106133,25,416,1
46,56405,5,805,1
18,118232,8,488,0
52,128659,16,775,1
23,35989,30,622,1
54,48931,11,479,0
22,29290,22,480,1
50,58367,4,586,0
66,141136,35,774,0
68,99878,35,561,1
31,110477,2,822,0
29,99481,23,461,1
59,96298,16,786,0
37,146299,38,480,0
67,50133,25,768,1
41,132616,3,320,0
60,125686,11,574,1
51,47052,0,559,1
42,127286,20,632,1
67,105489,18,765,1
46,60475,20,415,0
56,102666,17,712,1
48,116622,2,836,0
64,77656,31,556,1
60,24633,9,467,0
67,37304,39,832,0
40,127573,14,314,0
61,117820,4,349,0
55,66546,3,603,1
37,27008,27,786,1
40,68291,3,715,0
62,47405,14,604,0
69,137069,16,495,1
33,56386,2,687,0
67,110909,9,754,0
59,40827,22,609,1
25,53040,17,426,0
67,80354,0,474,0
38,98543,34,433,1
18,38157,30,365,0
25,117693,0,692,1
46,55315,2,664,1
49,55932,2,578,1
55,41164,36,662,1
22,34414,18,470,0
64,147597,28,350,1
39,34327,24,627,1
64,133880,32,444,0
51,20946,35,573,1
18,34693,28,454,0
43,47241,25,807,1
60,135194,3,662,1
27,115790,13,624,1
47,35540,26,597,1
67,92255,32,793,0
35,84757,21,845,0
34,61203,2,603,0
43,45081,22,766,1
25,81861,20,538,1
64,31350,22,816,1
57,75512,3,475,0
66,76809,20,709,1
29,121894,36,663,0
44,117557,30,322,0
25,62832,20,617,0
42,48369,25,824,1
63,51728,34,575,1
21,37576,37,528,1
50,49001,23,407,1
18,147625,10,475,0
36,103384,28,619,0
48,20390,2,585,1
33,107535,0,628,1
31,65436,18,655,1
65,31569,21,313,0
22,33029,13,574,1
58,42490,13,370,0
43,65875,15,494,0
45,143552,32,822,0
19,120864,12,405,0
67,25867,37,495,0
23,100820,11,444,0
26,119515,37,649,0
50,29121,38,723,1
58,21539,32,770,1
42,111024,32,515,1
65,37027,28,392,0
30,147402,4,559,0
26,94229,5,840,1
30,28921,30,584,0
48,70435,15,783,0
58,142368,30,671,0
28,30310,24,369,0
21,83965,32,678,0
51,142033,12,578,0
55,131048,9,601,0
63,116444,23,554,0
21,89922,9,563,0
55,117799,30,723,0
36,113948,12,512,0
23,102839,2,399,0
51,32242,33,411,1
35,137027,27,607,0
30,132561,18,774,0
58,28947,22,847,1
40,132250,31,411,1
36,91466,12,386,1
62,123706,32,482,0
28,140351,33,464,0
18,144749,32,389,1
41,81816,4,754,1
24,68785,2,537,1
42,139963,6,833,0
38,20507,23,357,0
32,86972,21,841,1
18,47151,22,701,0
29,31618,29,818,0
24,94286,17,496,1
32,36122,31,345,1
38,27354,6,829,1
36,129598,32,696,0
46,50979,4,373,0
42,106436,27,715,0
50,99376,7,634,0
66,72774,14,595,0
49,122703,3,383,1
66,25037,33,314,0
52,48633,4,433,0
61,44495,32,777,1
55,84550,4,618,1
43,101384,37,691,1
28,56483,33,778,1
52,133181,25,667,0
25,93373,0,666,0
63,54069,3,587,1
31,27370,38,677,0
27,139873,25,762,1
19,136843,32,312,0
63,91947,32,835,0
26,59133,7,467,0
20,116035,19,569,1
38,115761,15,369,1
43,133753,20,617,0
25,20692,25,675,0
65,48926,22,388,1
19,119782,17,556,1
23,124700,30,516,0
45,93984,11,749,0
46,63390,0,843,1
43,69593,8,440,0
42,95609,2,460,1
29,120950,25,331,1
22,25209,8,451,0
51,146700,15,559,0
65,26533,23,578,0
54,106597,13,584,1
32,27211,2,841,1
61,29927,33,447,1
53,97463,32,366,0
32,137333,23,578,0
60,44594,8,742,1
65,94852,12,698,1
40,97713,1,427,0
23,96382,6,636,1
63,27933,20,781,0
67,123780,18,485,0
61,132157,24,468,1
60,60696,21,559,1
62,85449,10,806,1
38,87616,32,820,1
40,26089,31,770,1
60,76548,20,460,0
33,46123,38,588,1
64,27797,19,639,0
32,70013,7,801,1
42,28346,36,405,1
53,105414,8,774,1
28,53672,24,762,1
68,37653,24,782,1
32,69556,32,452,1
21,143723,1,448,0
38,128278,18,487,1
30,46140,19,430,1
39,21184,28,751,1
36,143626,5,815,1
51,54493,16,790,0
31,64148,24,775,0
21,44846,37,562,0
65,131361,3,837,0
69,42195,29,758,0
63,25606,19,835,0
44,23956,2,594,1
46,36555,22,734,1
64,110385,17,574,0
45,38690,25,607,1
52,78502,35,675,1
25,144586,7,457,1
33,68849,16,503,1
59,46347,30,374,1
53,118725,36,679,0
47,123844,32,603,0
35,111321,26,361,0
19,69056,3,407,0
66,83851,21,486,0
30,118234,25,528,0
21,101502,31,347,1
43,116633,23,567,0
42,101418,34,553,1
47,90211,36,386,1
28,61850,31,480,0
24,98545,6,324,0
48,47843,32,687,0
61,82320,30,521,1
27,49793,11,696,0
56,59516,10,810,0
30,124407,23,739,0
48,149045,7,474,1
24,37857,31,610,0
66,39627,37,573,0
59,81822,21,334,1
59,104101,33,516,1
53,111561,18,707,1
37,72248,19,818,0
21,75798,13,568,0
24,113368,32,774,1
18,64116,9,624,0
61,95318,15,655,1
62,124186,3,389,1
59,147119,26,341,1
64,107902,27,664,1
30,48557,15,501,1
39,91334,32,665,0
38,95163,18,587,0
39,126719,20,780,0
45,143099,21,800,0
26,98002,8,351,1
43,62614,8,402,0
26,32720,8,660,1
32,77608,26,723,1
27,127449,16,504,0
41,122828,7,313,0
59,146613,15,769,1
25,92095,17,765,0
41,125924,32,603,0
33,104694,0,726,0
66,116452,11,409,0
43,107593,5,814,1
44,55892,4,367,1
54,126975,15,545,0
21,97242,17,688,1
67,136041,17,607,1
41,146202,0,651,0
36,97606,18,365,0
53,143769,7,759,1
56,138542,2,646,1
27,126438,24,624,1
42,20924,4,332,0
35,71322,39,367,1
36,46478,18,486,1
53,91042,17,491,0
27,66418,30,512,1
50,82217,32,727,0
67,120699,17,650,0
22,110140,38,407,1
64,100846,15,539,0
66,93762,15,515,0
52,31781,37,476,1
61,25515,6,629,0
51,137358,13,749,1
50,56133,24,746,0
38,102508,31,836,0
34,117628,37,478,1
39,96946,21,694,1
65,105058,15,444,1
54,29095,28,497,0
32,108583,15,383,1
52,40470,11,384,0
45,63129,16,756,1
24,28531,36,775,0
49,57038,26,552,1
28,107939,24,371,0
27,62674,12,522,1
26,147572,7,575,0
31,114658,4,545,0
30,102476,11,640,0
42,49831,2,770,0
19,77174,34,753,1
52,31279,32,306,0
24,58220,21,487,1
38,80610,8,303,0
35,72719,17,424,1
20,144936,28,314,0
59,73051,38,824,0
56,92013,26,539,1
58,76652,35,659,1
66,85524,16,817,0
28,102936,33,619,1
56,26470,2,530,1
41,87598,4,329,1
63,61798,13,833,0
36,144517,2,455,1
21,73473,22,698,0
43,39880,38,645,1
55,120117,29,494,1
59,64439,22,467,0
49,140944,26,676,1
56,34308,9,788,1
62,111563,24,661,1
63,116256,12,781,1
53,55081,15,543,1
57,95242,33,470,1
54,70383,36,812,1
50,29837,21,705,0
53,124135,16,506,0
20,72151,22,453,0
26,138128,35,347,0
25,56824,8,300,0
50,53073,1,706,1
23,132651,31,406,0
58,117624,21,472,0
56,113648,12,805,1
21,46299,7,429,0
30,119993,0,697,1
66,78861,16,593,1
19,50063,11,746,0
22,89453,3,315,0
61,141768,12,648,1
44,143299,30,502,1
49,88472,6,433,0
38,122166,22,825,1
25,34506,23,807,0
55,114341,4,365,0
25,99854,4,779,0
67,133604,16,758,0
20,46026,29,641,1
61,47672,8,458,1
20,58417,5,460,0
39,72413,24,553,0
23,144044,18,826,1
19,85066,15,848,1
40,79213,20,454,1
61,70971,1,785,1
19,47281,9,731,1
55,133978,15,326,0
34,48091,36,311,0
52,70494,14,366,0
51,123864,12,841,0
40,133755,12,395,1
47,38610,31,514,1
69,21079,7,493,0
25,115386,17,589,0
39,66751,35,843,1
61,106126,25,338,0
53,75432,9,505,0
22,50951,30,783,1
30,100863,32,636,1
46,98291,28,795,1
48,145659,4,548,0
64,79872,12,373,1
33,27235,0,672,1
59,102733,22,437,0
47,82712,39,756,1
33,41473,2,743,0
29,87567,2,652,0
34,126818,6,710,0
33,145849,35,837,0
29,127399,34,752,1
25,144421,14,718,0
37,99823,39,749,1
20,124215,2,414,1
33,129999,28,350,1
47,52230,29,668,1
62,104573,38,814,1
40,112588,17,509,0
45,88876,10,734,1
68,60644,37,526,0
57,68664,39,567,0
22,65203,0,415,0
37,86677,28,659,1
57,45425,9,628,1
61,143246,27,339,1
18,104817,30,481,1
47,127585,18,789,0
38,105961,2,508,1
37,120342,35,572,1
23,145740,14,418,0
39,117649,32,681,0
35,89806,25,835,0
25,62814,15,557,0
56,90219,35,782,0
49,69646,32,808,0
50,59884,19,391,0
33,115345,12,460,1
29,146062,32,448,1
55,120088,4,416,0
69,138198,36,757,0
51,89322,13,344,1
31,41650,26,533,0
53,114242,22,674,0
50,29190,13,846,0
40,58196,39,496,0
67,59449,3,324,0
62,59661,38,694,1
19,49709,18,335,0
58,130965,3,773,0
38,100428,29,522,0
19,95179,18,829,1
44,29943,30,487,1
26,63240,30,701,0
18,65760,8,556,0
28,41042,12,435,0
20,141770,13,743,0
69,63894,9,717,1
40,26869,30,591,1
43,81078,36,428,0
21,76759,22,640,0
35,125973,26,556,1
23,64306,5,399,1
52,128369,25,338,0
39,75371,1,562,0
60,40918,12,449,0
32,48379,18,629,1
39,140667,0,419,1
54,128475,39,518,1
69,110810,31,422,1
59,103232,21,543,0
29,22962,28,817,1
64,33851,1,320,1
66,137626,39,489,1
59,65747,37,524,0
55,145180,10,765,1
35,72349,16,398,1
62,90832,7,662,1
52,76356,21,382,0
47,34745,3,355,1
41,25730,10,321,0
59,33921,7,484,0
47,118430,8,821,1
31,91138,25,563,0
23,103111,1,524,1
20,39023,15,337,0
33,65349,30,422,0
24,146796,5,455,1
69,101533,20,600,1
31,103286,25,366,0
26,61979,18,693,0
32,42837,27,704,0
38,34997,7,748,0
52,124975,13,430,1
19,108603,23,368,0
44,65039,36,644,0
19,147394,25,619,1
52,40923,30,476,0
35,28876,31,828,1
31,80973,1,459,1
37,22887,24,832,1
35,83723,1,434,0
27,62422,0,410,1
42,122390,35,582,1
19,71413,11,819,1
42,122484,8,493,0
50,22841,35,346,0
53,144647,27,641,0
48,48756,37,541,0
31,91576,32,821,1
18,138248,21,669,1
63,30304,24,430,1
33,50341,17,569,0
63,24758,5,360,1
69,37010,17,463,0
20,147039,15,824,0
52,80758,14,571,0
58,51658,7,432,1
23,69002,12,543,1
42,123318,6,733,0
30,21375,16,337,1
51,119485,31,618,0
25,42092,21,809,1
38,20490,12,675,0
51,23729,22,773,0
21,25974,28,358,0
42,138222,21,798,1
32,105216,0,517,1
21,103860,28,428,1
62,147288,4,682,1
29,116870,34,687,1
49,41398,9,384,0
49,54650,18,809,1
45,41292,36,736,0
30,121291,6,592,1
48,123889,34,348,1
31,23159,12,366,1
37,118162,9,428,0
35,82766,1,328,1
46,114887,5,642,0
23,122834,7,844,1
49,37065,35,418,0
46,41638,24,432,0
60,21073,39,626,0
19,66511,6,484,0
40,104307,22,805,1
36,145274,18,833,1
48,120997,21,540,0
68,127866,12,815,1
22,49320,20,464,0
36,89876,0,517,1
51,54924,18,304,1
27,101720,32,380,1
42,60734,3,546,0
19,88116,2,792,1
28,60025,26,685,0
67,114503,34,606,1
48,22159,27,842,0
32,68940,5,306,1
26,99436,5,814,0
40,96976,22,372,0
36,34678,32,309,0
26,81075,15,421,1
52,67204,23,812,0
38,32021,4,740,1
26,26772,12,337,0
45,87163,11,644,0
63,129968,4,637,0
68,93755,36,483,1
24,43464,30,366,1
33,71137,27,316,1
33,50232,27,682,1
50,81497,29,667,1
21,128017,17,615,1
21,94024,26,796,1
56,120485,34,644,0
57,129898,25,772,0
34,71448,38,414,1
54,125468,17,399,1
56,104517,32,737,1
69,20901,24,644,1
46,107980,30,648,1
69,127594,36,438,0
53,103597,1,623,1
55,22881,32,601,1
56,49863,38,593,1
67,131362,31,828,0
54,25622,17,591,0
69,142740,16,373,0
52,21378,33,783,0
24,103168,38,315,1
44,113847,6,825,0
45,91186,34,635,0
39,65201,29,815,0
31,140767,11,426,0
24,127760,34,817,0
54,79251,10,428,1
39,92572,3,810,0
22,59255,24,722,0
19,83212,31,684,0
44,70210,19,531,1
38,145629,30,494,1
55,136736,3,364,1
32,42499,37,576,1
38,122552,0,523,1
27,71628,2,577,1
40,81360,36,665,1
56,24603,21,815,1
22,113309,16,514,0
18,147466,13,738,0
30,105473,34,727,1
38,32632,12,695,0
43,50607,34,508,1
67,111873,1,800,0
62,85756,12,762,0
38,66994,15,526,1
35,83382,17,674,0
54,90354,6,799,1
62,76344,35,392,1
49,73775,29,759,0
53,27349,6,620,1
34,91154,14,309,0
52,47464,39,602,0
66,62624,18,621,1
28,141897,36,755,1
38,146866,1,577,1
69,57344,12,837,1
43,145857,39,692,1
21,103791,30,394,0
51,44299,15,406,1
69,67975,5,689,0
65,21462,27,825,1
35,140209,31,370,0
57,101441,9,675,0
52,110456,17,667,0
58,101788,3,350,0
46,126540,8,442,0
69,60581,6,718,1
46,120372,7,847,0
55,91289,6,799,1
59,125541,39,466,0
38,34175,2,559,1
59,141704,16,491,0
30,26191,1,501,0
66,103434,14,484,1
58,104518,28,457,1
34,100158,21,398,0
26,86537,3,540,0
58,135721,5,790,1
18,67645,37,501,0
19,128536,25,808,0
65,43283,10,395,1
46,143153,25,789,0
50,106971,16,517,0
27,112759,23,826,1
67,79123,27,572,0
57,122780,34,518,1
38,50024,30,631,1
45,69630,12,752,0
28,50734,34,451,0
51,20515,15,646,1
25,130782,14,713,1
39,86727,17,826,0
25,117800,36,730,1
66,129164,26,678,0
32,66216,34,727,1
34,91833,34,383,1
40,78755,27,491,1
41,47856,38,340,0
62,134959,37,608,1
36,93870,8,677,1
22,44162,11,435,1
49,26008,14,405,1
61,27987,20,818,0
18,82532,34,841,1
40,116502,32,425,0
54,23332,18,656,1
25,86323,22,699,1
30,58990,12,378,0
25,29873,0,688,0
40,102542,28,834,1
60,105761,23,373,1
18,56444,15,304,1
62,55340,24,762,0
68,125219,22,381,1
41,25033,27,836,0
52,93324,15,704,1
41,35689,37,813,0
34,129756,10,577,0
22,107134,2,523,0
37,123016,14,367,1
38,115239,0,619,1
57,20066,6,318,0
48,134159,0,642,0
63,65246,31,642,0
53,27533,8,396,1
28,100639,28,351,1
69,90152,25,474,1
32,131581,22,637,0
36,135828,28,652,1
24,79658,37,690,1
68,58498,32,414,1
45,129028,6,647,0
68,31772,11,300,1
60,109385,30,362,1
22,69036,31,525,1
22,78531,19,722,1
47,139159,16,318,1
49,32940,35,330,0
25,138027,2,323,0
27,36932,0,510,0
55,115305,26,460,0
64,76827,39,554,1
49,81431,32,413,1
65,44648,19,803,0
45,132947,13,519,0
34,52966,35,656,0
48,47777,4,468,1
25,144661,22,823,1
57,52567,14,541,1
42,135259,5,674,0
26,37174,32,438,0
19,62598,18,396,0
32,144711,12,446,1
67,79199,28,481,1
20,33798,5,356,0
66,85364,14,341,0
53,37558,15,842,1
21,81084,23,301,1
31,64237,22,587,0
58,85497,9,437,0
58,20178,16,811,1
42,136932,29,521,0
67,106006,9,630,0
27,37118,18,703,1
38,42616,28,807,0
53,20798,1,426,1
29,27601,35,564,0
44,45363,18,314,1
57,22795,6,525,0
19,117462,25,404,0
30,65264,14,792,0
49,122892,37,618,1
48,92833,2,518,0
33,149688,37,576,0
49,23084,15,640,1
49,115865,1,751,0
51,96646,30,668,1
28,20731,27,773,1
27,21129,6,489,1
32,48022,29,718,0
34,21605,6,794,1
57,97506,35,338,0
35,129241,28,461,1
26,64130,23,420,0
42,49265,38,698,1
57,52330,3,561,1
31,88469,28,428,0
42,35187,4,839,1
67,45791,28,655,0
39,110436,29,731,1
69,90610,28,364,0
47,132341,25,517,1
37,111962,18,726,1
38,59867,25,373,0
61,136178,36,759,1
49,20893,26,724,0
68,119694,29,491,0
63,39773,29,488,1
66,24239,2,311,1
38,40863,6,538,1
52,71415,8,752,0
49,88968,12,682,0
47,120675,14,347,1
56,80430,4,616,0
66,139000,28,508,1
29,21515,34,846,1
58,117206,26,418,1
64,134210,26,614,0
35,124630,7,335,0
38,34605,31,762,1
30,76240,19,702,0
38,25586,9,406,1
25,121221,12,338,1
63,140419,28,479,0
57,142374,34,311,1
63,134205,7,638,1
24,51186,28,847,1
40,46928,30,425,1
61,118264,29,362,1
49,103087,21,381,0
28,142990,20,598,0
39,107029,11,333,1
39,40711,10,348,0
60,74962,1,356,1
42,40039,1,408,1
39,56561,33,816,1
45,95483,2,323,1
46,117871,15,520,0
30,101395,3,614,0
35,108658,22,593,1
19,21577,19,309,0
46,127792,24,780,1
38,48350,29,566,0
32,136908,17,387,1
69,127468,10,754,1
44,53798,28,832,1
67,117434,16,447,0
48,101417,25,730,0
32,30785,22,541,1
68,92227,19,365,0
40,138680,1,677,0
41,81957,23,687,0
61,85431,30,508,0
30,37297,26,714,0
39,91894,1,315,0
60,136869,13,596,0
54,83772,3,519,0
50,39581,12,666,0
20,75192,35,528,0
36,21462,34,739,0
40,148848,7,831,0
46,84173,1,749,0
47,35511,5,335,1
56,96106,30,721,1
61,68665,9,488,0
64,64414,20,477,0
42,101010,9,614,0
54,92573,22,319,1
64,113665,2,681,1
25,127803,31,442,0
59,139682,19,361,0
33,33386,9,541,0
25,144069,28,537,0
18,74460,33,430,0
61,26221,36,422,1
22,43474,19,739,0
20,126073,7,641,1
18,135375,6,718,0
21,132660,5,754,0
57,41045,10,497,1
52,111319,17,581,1
49,136582,28,300,0
59,125693,24,631,1
51,24922,20,511,0
60,131943,2,386,1
42,42706,17,360,1
27,62771,23,394,0
38,72335,37,446,0
63,118015,9,545,1
56,72949,26,596,0
44,90714,11,422,1
44,115558,6,755,1
19,35240,16,698,0
58,111756,0,530,1
65,122272,25,833,0
30,22716,14,701,0
26,36574,32,429,1
69,131815,36,591,0
53,103255,30,575,1
39,93717,34,675,1
59,131299,0,354,0
43,64066,7,325,0
29,135066,11,740,1
34,81826,18,496,0
31,40213,24,542,1
31,91916,31,489,1
51,86151,11,575,1
37,148518,12,708,1
28,137018,27,639,1
33,149024,0,452,0
68,70906,5,697,1
48,20463,7,743,1
23,51973,3,726,1
36,94694,4,786,1
54,40651,24,503,1
21,88694,21,411,1
64,40008,27,624,0
21,131738,38,557,0
37,90474,22,827,1
27,58185,3,649,1
41,107924,3,734,1
52,94417,20,725,0
43,145502,36,579,1
54,91139,1,670,1
55,54980,6,548,1
38,42504,15,480,1
57,74970,16,377,1
56,36766,19,635,1
38,136944,22,349,0
27,113922,33,384,1
55,31695,10,303,1
63,37796,33,616,1
21,62543,32,410,1
62,34559,25,633,1
37,124450,1,432,1
34,53139,22,418,1
24,140494,21,649,1
21,123869,33,841,1
46,28802,14,354,0
31,93843,9,660,0
20,60205,14,752,0
41,118750,28,629,1
54,54159,22,518,0
33,31516,16,507,0
69,70492,8,384,0
21,49086,35,544,0
41,133758,8,634,1
51,50480,15,511,0
47,72091,35,482,0
35,148023,32,432,1
36,130195,30,649,0
48,67766,5,581,1
36,58737,9,592,0
66,29265,15,568,0
63,134165,3,496,0
36,139501,21,836,1
39,138257,12,319,0
41,90990,15,704,0
62,121454,28,414,1
29,111717,5,325,0
47,35386,25,694,0
55,124718,10,680,0
48,57425,23,822,0
53,141635,28,838,0
36,63254,2,382,1
65,109863,9,849,1
62,138350,0,744,1
53,73634,25,386,0
47,106717,11,686,0
66,67662,13,697,0
50,106988,24,585,0
35,123784,7,668,0
69,126337,3,721,1
66,119287,27,742,1
45,107527,6,819,1
64,126847,9,587,0
28,95452,35,394,1
62,30143,1,340,1
50,111391,25,630,1
34,35581,13,454,1
23,87443,15,803,0
21,49424,16,574,0
37,108844,21,478,1
65,61984,3,436,1
64,61505,18,479,1
44,132061,1,481,1
32,122478,38,558,1
23,82699,8,542,1
64,46957,18,395,1
31,45464,15,496,1
28,134012,24,825,1
56,43649,17,686,0
26,62065,22,707,1
43,112661,20,568,0
33,54758,10,470,0
22,25596,38,469,1
69,36374,3,458,1
27,138686,24,808,0
67,23775,31,746,0
20,47388,29,381,1
30,143800,25,356,0
60,41029,35,818,1
66,103981,33,411,1
47,73639,8,347,0
62,134010,11,675,1
23,34645,1,332,0
34,51105,37,803,1
62,33668,4,302,1
68,147949,4,785,0
36,35960,21,815,0
59,146519,4,341,1
52,31357,3,308,1
63,84604,8,441,0
43,122739,28,735,1
68,71796,21,326,0
22,35804,26,342,0
46,147732,9,430,0
54,135733,15,515,1
37,34626,9,819,0
66,48132,5,644,1
38,27951,4,807,0
27,26449,5,712,1
22,39065,24,545,1
53,121503,3,748,0
23,125072,39,320,0
43,29130,31,707,0
21,109360,34,756,1
56,82287,9,743,1
56,126937,33,564,1
67,71702,35,483,0
52,56993,5,526,0
18,51875,15,847,0
41,135284,18,545,0
53,26054,33,372,0
23,119809,24,449,1
58,127357,30,812,0
63,68517,16,368,1
61,96368,29,529,0
48,49670,38,371,0
37,69112,30,696,0
41,108388,18,383,0
42,109156,34,598,0
53,48307,28,592,1
38,133087,0,522,0
47,87087,3,515,1
41,67922,27,530,1
61,83080,17,704,1
59,113348,25,468,1
47,99335,39,628,0
39,46312,18,725,0
45,125156,5,495,0
24,86985,0,825,0
52,140641,7,376,0
45,77608,32,576,1
31,109962,20,765,0
27,120963,23,747,0
33,60277,24,619,1
33,51551,18,459,0
48,109813,28,791,0
59,76597,9,612,1
42,121025,11,460,0
30,144342,32,607,1
23,65212,6,445,1
61,29637,16,695,0
26,63258,9,388,1
62,55693,30,607,0
53,29824,5,845,0
60,149553,16,670,0
37,46950,36,750,1
35,43488,17,466,1
60,147870,25,691,1
38,124544,15,790,1
21,135200,7,449,1
67,20215,23,767,1
50,125603,12,342,1
44,31523,28,328,1
24,95900,31,330,1
23,88689,23,427,1
32,43834,15,593,1
35,54474,10,740,0
49,63066,31,687,1
28,119871,5,823,0
37,30400,34,846,0
41,145211,32,409,0
32,30345,17,627,0
65,53896,36,704,1
24,105430,12,544,0
38,48899,9,462,0
59,126171,36,698,0
43,48229,25,698,1
61,137053,16,792,0
31,25583,0,538,0
54,24897,24,764,1
38,140406,33,331,1
35,91537,38,422,1
22,129417,9,833,1
20,24567,19,409,1
40,94807,6,570,1
43,149648,15,679,1
54,132652,36,599,1
41,97239,28,548,1
66,33329,11,820,0
36,121045,16,333,1
68,137708,19,527,0
42,91792,25,698,0
38,20228,18,519,1
29,110282,11,670,1
58,102214,20,827,1
50,57052,33,374,1
67,77769,6,435,0
21,66032,34,373,0
59,131694,14,553,1
24,108721,0,317,0
39,53686,25,342,1
50,96981,34,349,0
34,118802,24,814,0
41,83261,14,602,1
51,22809,21,441,1
45,123265,5,501,0
60,61785,14,506,1
58,56547,23,714,0
56,62818,20,520,1
39,120422,6,661,1
66,91927,28,380,1
34,85681,31,584,1
51,99465,31,668,1
23,109862,4,791,1
63,115527,3,645,1
23,133221,21,503,0
51,57333,17,324,1
18,146457,34,368,0
27,36576,16,815,1
38,139875,23,791,0
22,59405,1,539,1
19,114000,12,660,1
39,93779,14,740,0
65,51601,4,330,1
19,87946,2,621,1
27,87356,36,643,1
51,72116,36,835,1
33,120825,36,654,1
65,144749,2,770,0
68,137256,34,404,1
56,124186,22,621,0
39,82894,27,826,0
29,54635,29,803,0
41,27465,17,384,0
64,76754,35,534,0
57,117975,32,562,0
55,112850,25,305,0
27,129765,39,793,0
52,105119,16,588,1
68,112691,39,649,0
66,58871,6,499,1
49,82874,7,634,0
24,97733,30,516,0
38,49511,11,652,1
37,100960,30,624,0
43,68821,18,527,1
21,85776,9,444,0
63,138128,38,607,1
69,90167,11,584,1
39,95135,19,691,0
32,64462,36,659,0
57,81382,6,464,0
38,110194,13,523,0
32,123381,10,423,1
39,52574,6,643,1
69,122072,28,823,1
45,61910,9,351,1
31,93531,28,428,1
44,45186,8,434,1
58,114781,35,426,1
57,42813,9,370,0
45,98812,18,572,0
43,105525,30,486,0
66,98282,16,302,0
19,129779,8,584,0
42,38557,32,321,0
20,48060,33,465,0
25,78866,23,609,0
61,92104,8,776,1
50,120905,6,797,0
59,104577,15,733,0
69,26080,18,533,0
52,33854,38,675,1
23,142013,5,545,0
56,87695,10,602,1
69,47025,11,704,1
40,72982,12,320,0
42,61081,11,556,1
67,24368,20,698,0
60,119621,9,828,0
36,139181,19,350,0
22,47094,35,746,1
68,66040,27,569,0
28,86766,23,561,0
29,103053,4,664,0
27,43991,36,348,1
25,21301,11,817,1
41,48610,34,417,1
45,101463,39,752,1
58,54678,1,696,0
53,44466,38,326,0
54,100440,8,671,1
38,60875,21,396,0
25,46081,4,828,1
26,44354,11,485,0
64,113297,0,514,0
32,38300,21,550,1
65,84384,37,515,1
63,115027,18,328,0
57,141684,15,401,1
35,80892,30,422,0
59,55525,2,353,0
37,46532,22,582,0
23,26464,17,416,0
29,36562,25,413,1
19,127392,12,842,0
24,75514,17,592,0
33,133428,2,494,0
20,132564,22,591,1
62,128047,2,560,0
20,94219,24,506,1
44,52634,26,348,1
67,20060,26,305,1
60,29269,38,678,1
57,83143,24,693,1
55,43065,23,523,1
50,22895,7,322,1
45,100859,8,409,0
18,32352,36,698,0
25,130179,29,471,1
54,69737,18,605,1
49,124127,15,450,1
65,116426,23,727,0
60,52016,20,766,1
54,81304,35,366,0
21,31962,39,455,0
47,53302,38,505,1
23,105382,5,454,0
63,24011,4,808,1
36,149716,13,373,1
49,39782,3,348,1
26,87691,7,766,0
29,140654,23,478,1
28,142017,10,347,0
63,59725,16,371,1
33,29196,20,412,1
18,63459,25,458,1
62,107245,26,329,1
38,149613,15,396,1
47,98863,25,550,0
30,143206,32,818,1
51,139391,30,391,1
21,121010,5,412,1
45,52769,7,558,0
55,127529,6,406,1
48,145361,33,689,1
44,44700,13,657,1
22,135792,15,498,1
42,100356,8,726,0
20,96427,9,777,1
50,120165,16,802,0
21,25269,11,419,0
42,141631,5,608,0
37,63880,18,837,0
51,134003,28,774,1
43,28320,5,643,1
22,69589,24,435,0
52,139534,23,576,0
45,96276,24,832,0
46,55897,15,330,1
26,78565,15,546,0
69,50930,5,710,0
55,77233,36,326,0
67,102821,20,372,0
23,34380,3,396,0
36,96896,33,645,1
61,90934,27,775,0
28,75830,37,599,1
19,25529,27,598,1
64,141292,16,586,1
61,114598,13,748,1
61,122222,6,511,1
26,102987,21,375,0
38,69178,0,700,1
41,26937,28,333,1
51,141952,30,797,0
39,59886,29,815,1
20,69699,14,627,0
29,96396,17,397,0
45,110678,34,665,0
47,45279,29,762,0
43,58106,33,327,0
65,130776,10,685,1
38,121444,26,572,0
45,126300,23,426,0
43,133793,34,501,1
50,136278,38,820,1
38,99737,7,586,1
52,60544,17,749,1
69,123247,12,387,0
51,131190,23,617,1
58,28997,22,318,0
68,126102,11,406,1
64,105711,29,757,1
35,136045,30,610,1
28,60860,27,711,1
40,23225,21,797,1
65,130114,27,543,0
39,79470,12,679,0
34,133218,24,814,0
22,148854,6,506,1
61,120764,5,693,0
28,127041,23,320,1
47,132224,18,826,1
32,83656,18,642,0
44,71880,35,501,0
52,81078,8,419,1
50,108646,35,688,1
37,96290,37,836,0
33,76633,39,533,1
51,46655,28,619,0
19,141118,23,479,0
52,63601,4,667,1
57,23114,25,375,1
45,46502,13,795,1
64,69768,38,821,1
56,68128,28,500,0
23,40028,5,645,1
26,75565,6,782,0
37,103123,36,518,0
18,128255,17,359,1
25,55333,22,849,0
40,23174,37,520,1
20,137769,0,801,1
21,55398,3,432,0
42,55929,34,352,0
64,24321,22,749,0
55,143549,26,361,1
32,115971,25,322,1
38,131508,7,343,0
52,75421,15,346,1
63,92635,2,323,1
69,43760,31,388,0
31,31360,4,473,1
53,30313,19,418,0
29,131806,13,477,0
34,105998,31,641,0
56,25801,25,358,1
26,34130,5,737,0
52,34271,35,727,0
30,36075,39,725,0
32,122455,4,680,0
35,127215,12,785,1
68,38984,31,484,0
50,108095,15,759,1
23,80942,0,401,0
44,32861,12,314,1
40,118970,10,350,1
44,102203,7,608,1
51,91376,24,333,1
63,81247,39,504,0
55,89101,31,369,0
31,128730,23,529,1
53,40977,27,779,1
25,70617,13,832,1
52,77473,2,407,0
36,106654,35,540,1
47,108177,26,550,1
31,92902,19,434,0
37,112172,14,389,0
66,35630,26,739,0
42,40056,27,597,0
57,27382,24,706,0
41,75739,32,607,0
31,101685,13,401,1
43,68639,7,660,1
55,79838,13,827,0
40,66041,0,592,1
39,20992,15,445,0
65,92394,17,703,1
36,87657,6,301,0
63,47160,14,418,0
68,65156,23,490,1
20,71375,12,302,1
59,106442,8,786,0
36,39572,14,476,0
26,137925,34,556,0
45,24136,23,833,0
37,81868,32,776,0
62,102263,15,697,0
24,52167,7,795,1
31,130957,28,519,1
26,35479,22,472,1
36,139392,30,689,1
64,51376,39,801,1
69,24823,13,559,0
31,145156,29,430,0
55,90456,38,412,1
53,39585,26,319,0
57,123775,15,514,1
34,37272,5,609,1
47,46619,32,550,0
26,95069,17,787,0
50,59895,15,681,1
69,23720,11,708,1
42,39267,19,570,1
31,35696,39,706,1
28,49968,28,493,0
52,73364,29,740,1
58,43345,25,612,0
31,71567,21,378,1
47,111229,32,479,1
58,81607,38,313,0
21,39385,28,545,0
21,103658,21,313,0
45,86900,12,398,0
25,88244,8,332,0
19,85425,23,735,1
58,98518,14,556,1
63,102844,35,333,1
39,52919,12,318,0
58,110697,26,559,0
33,77196,36,715,0
46,135600,6,436,1
66,120625,7,658,0
65,99401,36,415,1
47,20495,13,703,1
29,64755,11,501,1
52,87684,35,675,0
28,53324,39,549,1
63,98929,16,745,1
67,21552,39,577,1
38,71272,28,411,0
38,55853,26,772,1
22,138192,0,691,0
65,52924,33,442,0
37,94462,3,331,1
54,116387,23,480,1
20,43889,20,815,0
61,125466,32,568,1
50,74675,6,535,0
26,142231,0,576,0
26,93591,2,574,0
21,90190,14,385,1
52,42634,30,362,0
34,52363,15,703,0
51,83752,9,491,1
41,97004,28,592,1
49,76398,5,330,0
18,118458,28,629,0
25,60718,16,406,0
62,133627,21,575,1
40,102916,23,381,0
64,46870,16,363,0
57,57394,20,428,1
29,72057,10,555,1
29,99795,6,530,0
63,100409,38,796,1
64,33016,4,436,0
32,62137,20,754,0
58,20153,17,654,1
36,27853,34,784,0
43,32379,19,445,0
69,35792,14,332,1
46,141169,4,559,0
39,58367,12,386,1
57,38100,11,564,0
38,146082,20,841,1
68,133089,36,691,1
55,83456,5,531,1
37,31049,6,746,1
46,20786,25,428,1
68,89904,7,570,1
21,50699,8,388,0
24,142784,26,765,0
45,67691,3,469,1
45,57040,20,427,0
21,138455,30,473,1
39,112990,20,325,1
29,77986,39,810,0
62,58762,24,787,1
20,43600,38,705,0
39,114774,14,325,1
61,110777,34,382,1
19,39810,36,663,0
41,105703,27,666,1
51,107347,13,359,1
44,125315,3,591,1
58,77204,19,490,0
18,40085,33,760,0
25,66854,11,532,0
40,94797,32,773,0
55,104269,23,704,0
23,59779,19,570,1
39,76207,4,433,0
42,114615,37,470,0
35,53980,29,714,1
34,76117,23,327,1
29,34141,39,435,0
23,29344,6,704,1
43,125008,35,804,1
44,35896,37,540,1
25,109353,15,743,0
36,49813,14,733,1
59,104431,22,527,1
18,85679,11,808,0
46,30681,28,602,1
62,92903,14,333,1
66,23228,28,301,0
52,24582,20,661,0
57,98683,14,494,0
31,31397,13,607,1
52,58799,15,549,0
65,57011,14,446,0
62,99183,3,645,1
37,113254,26,647,1
66,64264,22,553,1
30,62317,28,698,1
55,67914,8,633,1
66,104633,6,475,0
63,122489,3,424,0
66,144237,4,697,0
25,65254,4,430,1
60,60096,10,706,0
37,73785,27,633,1
50,72344,15,319,1
43,134988,29,504,0
56,102643,3,654,0
38,140382,1,472,1
66,88546,2,488,1
59,91091,20,301,0
60,85603,5,467,0
58,48412,17,667,1
26,130489,4,835,1
41,71658,8,669,1
54,119841,19,736,1
66,69549,27,506,0
58,147595,25,348,0
34,31549,17,843,1
41,91216,18,428,1
38,45739,2,746,0
68,41209,8,334,1
56,127051,35,498,1
58,107968,30,376,1
56,35116,16,668,1
30,40045,22,825,1
28,46327,33,648,1
63,55709,4,805,0
36,63617,14,537,1
28,80139,2,579,0
30,46905,18,731,0
63,84148,27,437,0
62,92603,2,568,1
18,118095,37,500,1
57,139779,3,441,1
61,62919,23,654,0
36,103521,30,628,0
29,112905,10,530,1
25,103400,36,607,1
25,108150,0,445,0
62,78446,8,451,0
29,72428,16,439,0
65,67894,0,320,1
50,101149,2,553,0
62,26447,25,363,0
43,25499,30,517,0
56,59041,25,371,1
45,51315,22,461,1
22,21299,29,429,1
25,140506,9,524,0
42,125005,7,753,0
44,24994,24,683,0
63,115414,21,406,0
40,101163,14,402,1
47,146759,9,440,0
62,27489,19,433,0
64,111647,22,498,1
40,52355,0,809,0
66,93805,1,378,0
64,88367,18,781,0
37,129906,13,811,1
35,137409,7,549,0
35,97355,37,782,1
19,136220,11,471,0
21,110349,25,316,1
47,107173,26,593,1
50,21996,28,693,1
53,139999,14,797,0
35,64387,0,518,0
54,134965,27,533,1
36,23089,2,689,1
64,118827,17,547,0
45,40659,33,351,1
57,65178,31,314,0
37,140053,28,623,0
66,115965,24,740,1
50,101268,25,411,1
29,105042,38,306,0
68,126471,7,544,0
32,90726,18,747,0
58,90111,21,664,1
56,126031,28,666,0
19,133682,32,586,1
46,54565,37,405,1
58,120435,34,312,0
27,109242,2,445,1
19,133204,18,777,1
68,149642,9,414,1
28,42884,26,808,1
30,37199,14,451,0
27,80038,10,356,0
31,77786,25,681,1
35,129636,23,456,1
68,124970,12,432,1
26,69294,31,462,1
56,98015,36,574,1
45,54178,3,376,0
20,32665,12,343,0
37,149604,8,849,0
23,20534,33,617,0
44,111828,36,833,1
19,56132,6,453,1
46,135720,0,536,0
55,56110,11,816,0
20,78754,20,520,0
33,83580,10,609,1
47,42469,13,476,1
57,84016,33,519,1
19,66233,33,337,0
34,122804,24,730,0
58,149863,3,502,1
29,86708,25,747,1
52,78232,15,794,1
60,113450,9,424,0
18,106437,1,364,1
62,126311,34,543,1
32,54409,18,826,0
43,135159,5,525,1
54,39324,18,764,1
38,28738,7,592,1
66,123030,13,680,1
48,130093,9,465,0
42,44054,2,517,1
40,49709,37,574,0
41,129321,28,351,1
55,105643,14,673,0
45,148805,22,662,1
38,20363,22,313,1
60,30358,17,639,0
35,121613,18,838,1
53,135233,27,388,1
52,23240,25,340,0
62,92201,9,603,1
26,65689,3,567,1
55,21936,1,437,1
47,132272,2,305,1
61,111074,6,541,1
51,63965,15,461,0
49,97534,30,817,0
20,20882,9,700,1
20,40224,18,455,1
45,125227,27,384,0
61,143750,16,309,0
32,139299,27,437,0
58,145865,18,455,0
40,132012,36,707,0
57,143745,22,524,0
28,50825,19,483,1
65,90740,12,494,1
49,48885,12,695,1
53,60056,10,433,1
50,23203,14,608,1
41,80241,16,841,0
56,22244,27,308,0
51,118322,18,469,0
45,135329,3,589,0
54,88619,21,467,0
24,41584,21,643,0
21,28521,36,796,1
54,70017,38,444,1
18,53541,33,712,0
18,49063,32,756,1
64,90268,39,601,0
37,145234,32,345,1
36,146218,11,316,0
46,138206,1,659,0
27,84952,27,560,1
35,113054,9,422,0
45,59563,21,530,1
52,59752,16,411,1
60,115233,25,545,0
64,22567,2,690,0
48,36121,6,691,0
44,21674,7,627,1
28,96411,19,514,1
66,129876,11,666,0
66,86275,34,381,0
55,87081,16,375,0
22,49140,27,826,0
25,145139,9,802,0
51,29327,21,778,0
65,90663,37,671,0
69,43331,32,564,1
29,43004,21,563,1
55,127369,36,409,0
18,139243,12,606,0
48,30492,26,499,1
21,74797,14,525,0
66,78095,21,484,1
62,33749,29,330,1
67,83217,39,398,0
22,109044,36,638,1
47,29045,33,565,1
41,40116,33,649,0
20,38667,34,843,0
28,95057,18,756,1
62,94205,7,387,0
21,47302,38,362,1
43,31283,32,686,1
44,50935,27,758,1
63,92534,36,568,1
60,114342,24,645,1
44,51624,35,377,1
59,33440,16,664,0
68,131001,23,313,0
67,66501,20,435,0
23,107333,1,603,0
32,21269,30,696,1
47,27868,32,378,1
59,50251,29,717,1
54,97909,11,541,1
54,104523,11,350,1
59,58729,23,683,0
54,35734,23,674,0
52,62429,10,505,0
40,61337,12,788,1
23,60325,26,680,1
21,103600,7,610,0
35,82514,9,674,1
26,28433,7,341,1
66,133957,19,832,0
46,29111,7,821,1
30,123986,8,452,0
64,83753,6,611,0
69,133783,13,593,0
34,100583,27,412,0
62,93620,1,411,1
49,41751,7,474,1
65,36453,12,601,1
39,105844,20,815,0
21,58968,27,520,1
22,50077,34,470,0
54,128582,22,617,1
58,54775,14,512,1
66,78144,1,552,0
30,68570,11,423,1
51,66097,35,512,0
62,44503,2,384,0
39,22779,4,815,1
40,106840,2,364,1
68,20755,18,617,1
20,59263,1,645,1
59,128491,36,542,0
51,75087,16,436,0
49,62281,13,546,1
62,71482,27,740,1
68,74857,26,344,1
66,142989,9,388,0
38,37400,2,527,1
63,60115,35,590,0
61,34249,37,721,1
38,133183,24,366,1
61,66825,21,550,0
28,130361,38,340,0
56,44600,29,398,1
21,57706,20,605,0
68,39222,29,755,0
18,119041,27,600,1
45,124504,30,498,0
41,61139,25,787,0
52,134919,21,405,1
30,136605,20,700,1
64,61302,0,776,0
51,114684,36,421,1
28,107838,12,376,0
53,88159,20,611,0
68,28646,8,411,0
34,33543,16,817,1
52,114496,20,496,0
35,148212,30,397,0
57,42785,38,758,0
39,98353,21,529,1
41,51406,11,467,1
36,108992,5,307,1
54,71428,15,471,0
56,43777,25,659,0
38,77939,4,494,1
25,73026,8,568,0
45,106450,39,318,0
22,49553,13,653,0
34,43548,29,348,0
54,83221,25,763,1
53,57265,28,655,1
36,145549,18,457,1
44,60701,7,365,0
51,71287,22,607,0
28,26727,34,636,1
62,130460,30,420,1
64,70717,34,703,1
29,52427,31,395,0
38,36692,4,413,1
28,51625,15,728,0
56,44918,16,839,1
45,126931,31,301,0
22,61136,37,511,0
34,134826,31,632,1
37,134881,19,323,0
58,72409,1,667,0
63,35577,19,805,1
29,105155,17,475,1
23,131776,0,728,1
34,119246,28,741,0
68,122924,28,847,0
36,146759,18,813,1
43,140408,39,660,1
65,101731,5,573,0
61,47689,38,476,1
61,31154,7,563,1
69,124657,23,485,0
49,114948,19,826,0
23,41341,13,578,1
53,117554,4,497,0
55,94681,39,648,0
28,127798,33,720,1
50,66330,15,604,1
41,138069,6,363,1
40,107759,15,589,0
32,88416,6,317,1
44,145067,26,363,0
28,106807,13,629,1
68,53313,13,316,0
67,66900,32,742,0
34,98840,32,440,1
68,54695,19,607,0
31,50225,35,743,1
44,106072,6,795,1
35,116367,31,725,0
45,69156,2,774,0
68,97209,38,544,0
64,107453,28,749,1
64,47829,23,650,1
21,100908,21,460,1
24,45938,5,439,1
62,79164,23,792,1
52,74530,39,830,1
65,140921,22,692,0
26,88199,37,700,1
25,80282,9,349,1
69,67801,15,594,1
62,29465,10,724,1
34,23326,31,311,0
34,23659,5,634,0
66,80289,23,314,0
50,47594,32,327,1
49,135819,11,687,1
25,24763,26,591,1
36,108657,37,549,0
55,30828,17,804,1
20,67588,38,397,1
22,31221,12,636,0
30,31211,39,338,0
64,33569,29,337,1
63,116894,12,599,0
48,57860,33,478,1
33,91558,35,768,1
67,65337,29,581,0
49,72311,24,463,1
39,33515,1,752,0
46,91695,35,396,0
39,142006,17,608,1
60,131527,4,561,0
20,126749,18,592,1
27,107227,17,548,1
59,44904,31,544,0
38,79935,20,550,0
33,63790,9,422,0
29,88580,36,624,1
19,95148,21,800,1
58,25636,12,365,1
41,97129,16,358,1
52,134483,8,797,1
47,22892,23,672,1
47,41672,13,565,1
64,25812,7,535,0
52,116621,36,517,1
36,148177,18,826,1
67,20654,27,740,0
25,74633,29,705,1
43,37143,6,768,1
66,75934,25,409,0
57,87334,39,652,1
24,123463,10,390,0
47,145851,13,713,1
24,49087,20,372,1
20,31618,7,846,0
18,28446,2,597,0
53,107182,27,582,1
42,122127,28,804,1
54,68867,22,497,0
18,71028,17,331,1
32,80101,34,640,0
54,47200,12,633,0
30,115107,11,442,0
57,108074,4,709,1
25,126091,38,343,1
22,81465,10,331,1
26,129500,10,327,0
18,106436,30,722,1
53,138422,30,790,0
52,144124,12,459,0
19,107892,13,506,1
57,108559,24,317,1
40,140044,32,402,0
26,59148,32,531,1
51,102928,14,723,0
63,40698,15,846,1
31,62470,37,538,0
21,112071,5,633,1
47,71660,24,448,0
48,73910,14,707,1
55,55450,3,316,0
28,76463,3,525,0
52,53757,29,559,0
25,98012,33,473,0
20,126750,26,504,0
31,147043,30,714,0
30,90247,31,807,1
62,92015,38,452,0
49,51390,8,402,0
51,76116,7,364,1
62,33161,13,416,1
36,52152,32,455,0
55,100171,22,381,1
33,126379,20,817,1
19,115833,11,366,0
57,40836,1,537,0
34,110367,12,625,1
51,86543,3,366,1
59,75648,19,475,1
33,46331,13,777,1
55,125992,29,554,1
19,30763,28,362,1
19,89444,7,702,0
43,113109,11,491,1
30,39187,37,628,0
64,31957,25,370,0
48,24379,1,362,1
51,47959,39,596,0
56,102018,13,544,1
20,143076,5,818,0
25,47105,39,692,1
40,20877,30,476,0
31,68353,16,503,1
44,103788,24,832,0
46,116870,31,427,1
56,104585,11,494,0
56,103308,12,493,0
18,71567,18,483,0
34,77913,24,546,1
58,22637,30,623,1
47,92778,36,459,1
30,62025,24,365,1
38,126917,15,553,1
36,121187,37,582,0
36,119508,22,359,1
42,102464,13,417,1
39,48742,5,722,0
48,31831,24,335,1
34,133768,22,830,1
40,135911,11,390,1
49,105092,12,600,1
27,110879,35,516,1
27,108370,38,397,1
53,146537,33,755,0
25,66762,5,830,1
69,124824,37,837,1
37,118958,39,327,1
49,108741,7,623,0
67,38830,7,522,0
31,75044,39,379,0
67,93948,32,757,0
45,89202,33,475,1
63,57045,14,821,0
69,106322,35,756,1
41,137257,34,722,1
32,91051,21,399,1
39,127509,22,702,0
47,46627,39,679,1
21,35198,21,830,0
30,89521,4,631,1
40,131439,30,617,0
25,126471,12,836,0
35,49475,27,388,1
29,125752,19,810,1
48,138998,32,341,1
31,39403,15,688,0
51,23681,28,380,0
35,111555,22,701,0
51,138884,23,406,1
28,113122,33,410,0
58,135260,6,576,1
29,62292,37,513,0
66,123057,36,805,0
32,125386,3,420,0
48,122306,33,433,1
66,25629,21,670,1
46,113246,4,556,1
43,115864,22,479,0
35,97814,14,347,0
49,28417,30,318,0
39,138888,8,345,0
55,54765,24,750,1
34,94499,24,355,0
40,134088,20,391,0
41,76574,8,381,1
67,122828,37,378,1
25,110545,21,582,1
58,148206,22,610,0
23,47675,3,459,1
22,145609,28,615,0
61,121711,14,455,1
46,92267,0,767,0
45,60563,29,761,0
28,31332,28,416,0
18,143745,19,663,0
60,39177,32,765,0
36,109254,35,483,0
26,88447,21,465,1
44,77104,12,374,0
51,104335,6,571,0
61,134938,7,802,0
21,100730,27,642,0
53,24951,8,550,1
35,126402,24,429,0
32,48333,15,657,0
68,41673,9,707,1
30,134421,10,794,0
36,60870,30,781,1
66,141945,11,377,0
23,147536,30,813,0
65,91101,13,620,1
29,42821,31,589,1
68,45494,16,596,1
54,119477,34,774,0
34,146083,0,322,1
40,94160,28,471,1
43,132698,3,617,0
46,131560,22,492,0
50,20835,27,417,0
44,145126,15,305,1
42,38646,11,782,0
27,143777,20,431,1
64,97360,16,392,1
40,57335,39,821,1
38,89351,12,593,1
38,134934,31,691,0
60,22429,36,548,0
30,61950,14,716,1
54,80654,11,442,1
50,127422,14,536,0
41,129934,33,586,0
61,139975,5,576,1
28,88143,16,686,1
34,111186,19,681,1
21,124234,8,749,1
64,117889,4,590,1
42,122326,22,468,0
47,97527,32,742,1
26,106704,37,483,0
38,51099,13,344,1
37,59385,16,567,0
36,55919,18,775,1
36,116952,32,552,0
29,80782,0,695,0
54,91116,12,588,1
59,92590,26,511,1
34,109626,5,320,0
54,60387,5,615,0
65,35823,32,737,0
56,66015,29,722,1
45,122877,34,532,0
58,35339,22,422,1
52,149949,9,513,1
64,23491,18,339,1
65,20706,27,631,1
35,117493,22,481,1
31,35728,3,564,1
52,26997,19,832,0
61,123537,18,731,0
58,80408,26,495,1
24,78097,33,808,0
58,149526,3,746,0
30,58523,37,827,1
35,141648,6,501,0
54,45163,6,432,1
30,37718,25,438,1
53,107508,25,792,1
48,103767,18,369,1
19,59619,8,314,0
33,32126,19,511,0
26,109131,15,359,1
26,84926,16,551,0
55,60633,21,745,1
28,97654,12,301,1
39,23317,11,635,0
50,64980,9,318,0
53,64115,0,377,1
62,81646,31,771,0
40,63158,29,327,1
62,75963,7,464,1
62,67631,20,757,0
51,69316,21,475,1
26,125364,17,328,0
41,79342,1,578,1
25,35504,8,582,1
24,88593,2,778,1
53,46660,25,818,1
35,57196,20,604,1
20,85938,29,408,0
45,28605,27,623,1
23,77388,35,505,0
61,101297,25,533,0
61,75501,33,757,0
38,73309,7,486,1
45,47043,9,781,0
57,53635,13,706,0
18,99315,39,808,0
53,100691,14,819,1
38,126514,16,352,1
60,53132,17,697,1
52,109387,31,498,1
30,35366,37,690,0
66,113944,22,797,1
27,92107,22,471,0
61,82580,34,385,1
64,135267,38,485,0
27,142362,14,455,1
63,77889,23,792,1
30,99553,27,820,1
54,59236,15,429,1
55,24150,15,380,0
41,131369,39,683,1
19,39423,38,594,1
39,24137,5,568,1
34,49992,1,834,0
53,130540,12,677,1
31,114438,8,675,1
27,135140,33,387,0
52,64921,16,410,0
42,141225,26,453,0
20,99369,28,762,1
64,86917,36,455,0
55,93690,21,617,1
34,54235,23,537,0
29,98975,6,633,1
69,39122,33,405,0
41,43956,11,781,0
46,83879,22,681,0
60,78560,14,560,1
42,141435,32,592,0
53,102800,12,634,1
43,130310,22,775,0
55,88685,37,524,0
18,44660,31,753,0
37,148029,34,595,1
45,126196,0,762,1
33,106064,4,513,1
64,134440,12,457,0
34,21168,4,571,1
57,65124,31,537,1
45,55897,20,602,0
29,35032,23,820,0
44,72797,17,620,1
59,55294,20,358,1
64,63827,9,657,0
47,23516,23,550,1
58,39751,39,735,0
51,50373,20,445,0
54,142026,24,651,1
23,50270,22,544,1
24,30386,21,600,0
49,121859,3,737,1
49,84817,33,399,0
42,85184,5,779,1
50,134316,27,714,0
24,99693,30,464,1
69,57879,34,601,1
29,125056,38,420,0
33,69597,22,387,1
33,59132,5,516,0
60,23626,15,478,1
53,105936,1,462,1
30,122179,23,469,1
24,123801,16,600,1
53,101515,0,673,0
64,97065,5,502,0
68,75390,4,346,1
26,36645,28,762,0
49,111960,11,707,0
28,74144,38,493,1
25,33382,2,726,0
50,24025,0,616,0
40,63226,26,778,1
42,99380,23,720,1
25,142971,18,568,1
62,138910,7,780,1
39,89711,1,562,0
21,116055,29,725,1
57,146189,29,465,0
20,94710,38,727,0
46,23443,31,696,1
58,41395,0,515,0
46,30725,37,406,0
51,53461,12,397,0
51,147000,10,781,1
45,61115,9,798,0
30,130084,25,529,1
32,116887,19,556,1
40,103732,16,342,0
61,132145,16,541,0
43,99790,3,394,1
21,99557,4,487,1
43,131672,22,684,1
57,91260,9,699,1
26,48690,27,805,1
22,21407,32,466,0
49,93568,25,424,1
37,78560,28,386,0
67,67340,26,788,1
28,37794,17,525,0
32,39881,39,644,1
49,106292,9,817,0
45,125698,4,330,0
39,114952,9,595,1
58,69703,20,713,0
34,64354,23,434,1
43,111288,37,824,1
61,98462,2,303,0
24,139020,39,477,0
59,119301,30,558,1
43,138764,36,364,1
42,34390,1,662,1
27,124403,1,316,0
62,107475,38,499,0
36,47307,33,843,1
28,116364,19,511,0
30,114049,32,734,0
25,138740,3,572,0
57,139991,10,589,1
21,44502,4,782,1
64,115599,24,533,0
48,42486,36,707,0
45,131813,33,445,1
28,58258,8,729,0
60,77716,5,731,1
18,117228,17,844,1
66,123920,13,796,1
64,101494,18,388,1
69,120552,13,710,1
55,102768,39,540,1
41,30748,16,522,1
64,82785,34,767,0
48,96050,28,621,1
58,42738,16,674,0
63,94231,7,411,0
67,93606,0,826,0
43,113301,35,711,1
66,61662,6,568,0
67,138313,4,551,1
22,116297,23,673,1
37,102234,27,749,0
69,35123,16,836,0
58,120680,36,667,0
28,45616,19,554,0
50,122682,2,762,1
67,31182,36,567,0
55,110369,25,425,0
44,118878,14,692,0
51,82013,7,633,0
32,51331,12,667,0
49,66098,2,755,1
38,46128,0,366,1
63,51556,8,365,1
22,147398,30,699,0
23,107505,25,586,0
55,41876,16,485,1
39,28949,33,583,1
35,71962,8,815,1
31,110054,12,536,1
27,143984,4,317,0
63,91206,12,713,0
30,44099,0,308,0
48,124871,24,719,1
47,32716,3,328,1
20,72611,35,647,1
47,58885,9,749,0
23,73144,27,679,0
46,85220,5,665,1
25,27837,26,526,0
61,69355,11,417,1
62,67299,2,711,1
60,39159,32,655,1
61,145212,9,553,0
50,136680,30,842,1
34,136931,14,743,1
65,126802,6,380,0
28,136375,35,345,1
30,122413,13,348,1
67,71012,13,748,0
28,79305,2,706,1
48,107096,2,582,1
45,37106,21,772,1
61,78123,18,715,0
23,131825,34,420,1
58,28720,11,302,1
33,57661,4,615,1
21,135031,9,759,0
52,113898,32,526,0
65,113794,12,378,0
43,107318,34,843,1
29,126704,31,370,0
28,41120,10,496,1
54,39790,37,357,0
42,78655,23,723,0
35,79643,34,768,0
36,113448,18,347,0
40,67374,5,734,1
55,62907,39,484,0
35,70071,34,464,1
43,140507,3,630,1
23,54812,32,629,1
21,69570,12,420,0
61,70901,35,512,0
68,80186,18,806,1
46,142066,11,467,0
51,148364,10,845,1
34,70251,5,726,0
60,85171,11,520,0
60,56160,26,309,1
33,39156,24,419,0
19,96208,2,546,1
51,99980,2,659,1
25,92320,19,520,0
30,37929,27,805,0
59,86606,22,357,0
25,108442,2,759,1
47,120154,23,427,0
49,82559,39,385,0
53,74205,5,403,0
64,130694,19,442,0
47,88475,10,504,1
18,84341,31,337,0
60,115377,26,662,1
56,62863,20,608,0
34,101837,12,351,0
37,85439,21,300,0
41,27194,34,310,1
67,91387,21,513,1
39,141361,27,817,0
46,101914,20,714,1
39,86214,17,307,1
61,116176,30,304,0
26,119292,36,661,0
54,49777,20,411,0
27,145355,13,572,0
53,46183,24,721,0
54,47445,26,564,0
45,87038,39,757,1
45,136477,22,511,0
59,107201,30,377,0
60,36198,28,520,0
38,41411,29,668,0
41,70577,25,646,1
59,35867,19,324,1
57,82501,37,719,1
19,34266,18,653,0
25,59422,26,716,0
65,55208,24,814,1
44,128538,39,514,1
39,141544,37,411,0
54,51213,22,727,0
44,27367,28,515,0
46,144158,14,712,0
20,99026,2,679,0
61,55362,9,531,1
30,139377,14,557,0
62,71588,15,555,1
27,58285,16,702,0
53,146683,18,723,1
26,145085,10,364,1
44,94755,4,489,1
51,91846,4,472,0
68,56307,13,526,0
18,115167,25,687,0
49,100280,7,700,1
42,39867,4,512,1
46,76523,6,352,0
24,104161,15,438,1
66,26378,13,717,1
20,104685,36,442,1
37,127669,3,808,1
37,96958,35,785,0
47,47926,16,736,1
52,123215,35,842,0
52,118707,5,592,1
66,33180,15,583,1
56,112837,28,313,0
44,138070,35,571,1
43,56931,37,324,0
31,44014,36,621,0
34,134775,9,402,0
35,116472,35,339,0
62,99872,28,534,0
69,78502,13,388,0
46,107736,3,399,0
37,25470,35,443,1
44,116395,12,381,0
35,34953,17,528,1
21,124580,32,694,1
18,58507,20,812,1
67,138961,15,496,0
18,112969,14,573,0
43,111493,4,671,1
62,26523,5,379,0
37,106923,37,534,1
69,77190,2,586,1
40,67761,11,844,1
27,51169,35,736,0
28,65641,32,426,1
58,42990,35,716,0
58,49661,32,340,1
22,33419,30,768,0
18,34457,20,596,1
34,87600,26,341,0
39,123619,26,578,1
51,96102,7,758,0
62,53085,36,332,0
58,117064,31,575,0
46,70654,25,389,1
21,26130,1,823,1
22,125723,11,459,1
28,22042,21,757,0
68,90134,16,698,0
38,62982,6,390,1
52,118422,3,765,1
29,85185,36,519,0
43,53477,37,718,1
68,134161,31,678,0
36,72709,10,746,0
62,48716,0,445,0
24,98137,24,532,1
64,56018,23,670,0
24,28061,16,533,1
43,28609,7,666,0
57,55371,26,780,1
22,130350,17,662,1
38,103021,26,810,0
31,40805,21,394,0
21,27857,15,515,0
40,31620,1,842,0
59,28177,4,434,1
37,50111,17,382,1
32,140770,2,690,1
67,108578,26,346,1
69,104181,16,691,1
62,109941,15,684,0
46,147049,5,680,0
25,31826,6,376,1
58,33890,13,558,0
65,102428,37,698,0
36,137067,39,399,0
65,146044,14,800,0
56,78031,32,682,0
63,139440,26,491,0
45,132134,28,644,1
63,95020,36,309,0
44,25495,4,563,0
21,48481,28,567,1
32,31267,31,494,1
52,137897,5,706,1
54,125702,1,595,0
18,26743,5,396,1
20,74800,3,761,0
64,123475,28,386,1
41,68773,24,376,0
44,77042,8,782,0
57,69476,2,445,1
53,147967,25,410,0
51,112105,26,596,0
46,48552,35,725,0
41,85242,31,633,0
41,65772,0,822,1
59,63730,15,837,1
21,48948,10,461,1
20,96311,25,729,0
51,89093,39,368,1
66,89123,0,432,1
40,36535,25,488,0
69,86490,27,578,1
40,66562,8,729,1
62,139042,21,841,1
22,145251,7,460,0
48,109080,26,752,1
58,147844,38,469,1
23,78535,18,356,1
54,118991,24,539,0
27,61269,37,657,0
57,100674,20,500,1
24,62462,23,743,1
56,23127,23,601,1
55,43147,18,405,0
38,65528,1,400,0
37,97095,13,396,1
20,133100,31,328,1
68,88931,31,805,0
39,110925,27,737,0
64,86381,38,678,1
21,119468,39,372,0
45,131258,39,553,1
29,83749,12,815,1
55,58672,11,849,0
68,33731,7,319,1
53,144647,14,834,1
64,74512,25,720,1
58,118658,11,745,1
22,71024,26,435,1
30,136712,17,804,1
40,121121,35,600,1
67,23832,26,332,0
47,52332,8,577,0
54,32467,38,432,1
42,61025,0,826,0
65,33107,6,425,1
44,148347,25,644,1
68,97994,6,316,0
31,114202,6,677,1
65,63481,7,359,1
64,22581,15,766,0
53,95118,2,690,0
56,144010,9,486,0
33,71638,6,797,0
39,143714,20,660,0
38,28418,36,748,0
38,113627,30,480,1
25,49113,22,429,0
66,104363,26,448,0
33,143607,21,771,1
48,83044,38,799,1
59,99955,26,654,0
27,81030,3,510,1
49,31814,23,329,1
51,119340,22,323,1
26,30024,18,521,1
34,83288,2,700,1
28,129236,26,811,1
49,77836,2,387,1
27,27435,27,764,0
39,87084,16,349,1
34,144023,30,402,0
21,90601,9,667,1
65,108416,21,791,1
69,140871,29,567,0
64,138645,20,696,1
42,23407,35,619,1
38,118943,22,819,0
54,52940,37,748,1
55,25666,11,775,1
66,57122,24,539,0
18,138647,19,557,0
42,45092,6,689,1
68,149753,28,642,0
53,143402,28,686,1
34,95645,12,693,1
58,121190,2,569,0
41,120468,1,448,0
19,149207,15,679,0
57,46505,29,327,0
32,56713,37,448,1
49,74387,5,719,0
56,63169,6,579,0
23,93282,4,481,1
18,97511,6,465,1
64,71742,33,316,1
40,60522,31,449,1
56,101132,12,638,1
34,139622,29,344,1
51,138764,24,801,1
58,123489,20,488,1
46,119397,20,360,1
26,23880,27,593,0
30,63454,19,332,0
23,75711,33,598,1
23,63539,4,714,0
37,128984,17,848,1
69,88321,38,730,1
20,107985,10,794,1
34,34799,16,399,1
66,134584,21,322,0
29,124843,36,719,0
65,80102,19,723,1
64,70726,5,786,0
62,68784,33,388,0
18,140364,13,508,1
34,133034,22,570,1
20,63333,19,705,0
43,60828,12,577,0
32,89526,31,505,1
53,74362,25,627,1
49,73997,13,635,0
49,143973,35,337,1
21,70341,7,527,1
35,39073,39,782,1
66,122399,21,433,0
36,34549,21,689,0
60,103795,15,724,1
69,76920,26,809,0
52,105326,9,726,1
57,95515,24,773,0
31,149392,30,660,0
50,40316,20,510,0
31,46183,26,478,1
51,113860,16,357,1
21,44624,32,372,1
41,82515,30,514,0
46,123712,25,372,1
36,105781,20,766,1
23,66705,35,570,1
50,109326,0,798,1
66,46756,3,653,0
57,80390,3,533,1
36,88369,25,618,1
18,90821,3,318,0
22,29589,8,671,1
44,133012,29,483,0
33,34116,3,576,0
23,93181,4,444,0
57,64786,22,380,1
30,114686,15,621,0
65,143711,21,734,0
52,96425,36,342,0
36,50286,7,612,1
29,123081,32,592,0
33,35994,37,368,0
60,121039,15,355,0
27,131915,4,503,1
42,142961,15,719,0
37,110198,6,849,0
48,124672,0,542,1
21,46639,8,500,1
61,37205,17,773,1
40,76677,2,826,0
19,52930,23,376,0
39,93313,27,777,0
68,113851,9,739,0
54,133153,8,562,1
25,112509,12,484,0
24,38316,34,354,1
31,47304,22,607,0
20,121839,16,815,0
67,116058,6,598,0
33,107876,15,529,1
36,105366,39,676,1
68,33403,35,585,1
35,100052,19,437,1
69,137478,23,777,0
33,104627,4,306,0
25,93495,5,718,0
50,51932,27,771,0
66,116090,4,719,0
29,56701,38,575,1
28,23385,37,389,1
22,141324,1,581,0
44,119226,38,847,0
29,77241,20,470,0
34,30367,39,654,0
23,85030,36,503,1
50,66505,17,588,0
22,144462,11,761,0
45,53332,16,472,0
31,105178,36,600,0
22,96325,37,828,1
50,55268,14,439,0
67,106486,6,577,1
65,45563,13,810,1
58,125185,0,645,0
36,56404,37,439,0
39,75182,2,413,0
22,52991,36,806,0
19,124601,30,665,0
47,67663,12,696,1
64,85886,17,410,1
56,142002,16,657,1
21,103848,16,537,1
50,44127,10,302,1
30,77692,19,703,0
37,114389,9,324,0
24,57500,28,808,1
32,53785,33,764,0
40,104146,16,360,0
31,109126,12,807,1
40,114979,38,422,1
36,67997,26,796,1
46,27170,25,354,0
37,33303,27,462,1
46,91743,12,338,1
41,97852,11,382,0
35,55187,27,845,0
27,85034,1,412,1
58,91776,36,724,0
25,21893,33,529,1
43,33753,22,582,0
46,58090,28,586,1
27,84922,34,454,0
34,96768,10,464,0
19,79412,32,481,0
23,142406,10,538,1
22,76030,8,638,1
45,37509,13,811,1
58,88653,8,565,0
22,56929,38,486,0
35,149626,2,339,0
43,68291,28,792,1
37,24042,18,690,0
58,82574,35,559,1
66,57201,31,475,1
44,112282,6,628,1
66,34016,27,499,1
29,45022,17,495,1
24,120962,4,830,0
20,47938,22,361,0
27,63678,21,626,0
51,138171,25,580,0
42,149638,11,526,0
52,121248,39,357,0
33,81720,18,776,1
19,125514,0,675,0
41,76805,2,542,1
27,94323,26,666,1
55,21986,17,799,1
39,96478,29,551,1
43,102994,1,621,1
60,32161,4,675,0
56,40689,28,708,0
44,147101,32,787,0
46,114699,19,642,1
64,80924,29,539,0
55,121311,4,438,0
37,119273,20,421,1
44,94308,14,719,1
58,121128,19,603,0
37,83745,7,414,1
61,146881,30,642,1
36,21211,11,550,1
37,20229,20,306,0
52,138972,29,478,1
64,68542,26,444,1
19,34345,25,715,1
47,121489,32,420,1
51,51819,25,423,1
39,67779,25,449,0
20,102421,35,696,0
23,112244,39,680,1
32,85584,0,300,1
44,39950,14,543,0
27,35173,0,697,0
26,137743,10,550,1
50,78032,1,598,1
49,135074,0,596,0
65,119273,30,799,1
23,48036,15,414,1
58,143885,21,300,0
53,132857,17,781,0
19,91356,16,809,0
46,34292,29,634,0
21,23052,9,764,1
18,64377,34,440,1
36,109317,20,436,1
43,87838,15,466,1
42,87819,5,642,0
27,133689,2,709,0
32,128103,20,364,1
39,35620,12,366,1
68,50461,17,732,1
65,40750,23,349,0
38,118426,26,613,0
39,108719,3,608,0
53,29472,21,414,1
51,89263,23,641,1
47,132036,39,829,1
42,77602,9,794,0
62,45523,1,568,1
45,50766,39,379,0
18,123262,5,755,1
66,86060,17,598,1
62,29079,16,501,0
21,28399,37,802,0
24,80726,22,784,1
66,112906,29,317,0
26,36532,20,777,0
53,142689,9,787,0
36,102357,12,745,0
